date,clicks,conversions,cost_micros,engagements,impressions,interactions,interaction_rate,average_cpm,ctr,average_cpc,conversions_value,value_per_conversion,engagement_rate,average_cost,cost_per_conversion,average_cpe
2021-01-08,191,6.0,524.3800000000001,0,1159,191,0.16735789473684212,450443554.67368424,0.16735789473684212,1507944.1368421053,0.0,0.0,0.0,1507944.1368421053,895684.2105263158,0.0
2021-01-09,519,10.0,1662.92,0,2827,519,0.19826126126126123,587920233.8738738,0.19826126126126123,2588210.063063063,0.0,0.0,0.0,2588210.063063063,2727537.8378378376,0.0
2021-01-10,423,11.0,1332.2500000000007,0,2291,423,0.14909278350515465,437230050.3298969,0.14909278350515465,1631761.2268041237,0.0,0.0,0.0,1631761.2268041237,2264295.9175257734,0.0
2021-01-11,1081,29.0,3469.6100000000006,0,5322,1081,0.19068695652173925,587961546.0173913,0.19068695652173925,2635982.2608695654,0.0,0.0,0.0,2635982.2608695654,9246117.32173913,0.0
2021-01-12,1862,37.0,7336.275999999999,755,47761,2595,0.14797452229299365,542758309.8853503,0.1420254777070064,4044595.6242038216,0.0,0.0,0.04257961783439491,2783930.796178344,8193133.859872611,137646.7694267516
2021-01-13,2062,35.0,7635.579,525,55224,2561,0.17344303797468358,775057164.1772152,0.16437974683544307,4066474.474683544,0.0,0.0,0.0798227848101266,3449475.1265822784,13047426.708860759,85059.09746835445
2021-01-14,2021,24.0,7982.112000000003,589,47347,2592,0.15068749999999992,489423997.0875,0.14526250000000002,3512517.25,0.0,0.0,0.029449999999999997,2753311.43125,10172875.0,71407.5475
2021-01-15,1907,34.0,6456.487000000001,365,45288,2253,0.15094339622641506,516852504.1886792,0.14588050314465403,3397234.9433962265,0.0,0.0,0.041232704402515724,2859132.505660377,11672528.93081761,79423.00062893082
2021-01-16,1500,20.0,4760.653999999998,532,45543,1993,0.15112025316455688,401550054.3924051,0.1459810126582278,2541950.5126582277,0.0,0.0,0.04311392405063291,2027626.6835443038,7532300.6329113925,79764.42531645569
2021-01-17,1559,15.0,4686.98,428,42994,1947,0.14527333333333334,434542026.93333334,0.14016666666666672,2478977.033333333,0.0,0.0,0.04361333333333333,2000586.9366666668,6239812.026666666,94399.48066666667
2021-01-18,2061,47.0,8266.328,800,39711,2833,0.1719875776397516,653034287.0062112,0.16535403726708076,4129665.7888198756,0.0,0.0,0.02240372670807454,3034171.5900621116,9632531.080745341,146331.58385093167
2021-01-19,2538,41.0,7842.083000000001,481,54037,3000,0.16391304347826077,452523137.55279505,0.15877018633540374,2967351.9937888198,0.0,0.0,0.028472049689440993,2295445.416149068,13649376.422360249,97868.66273291926
2021-01-20,2536,34.0,8011.222,369,51168,2881,0.180826923076923,519885072.4230769,0.17698717948717949,3314282.636538462,0.0,0.0,0.026269230769230763,2432069.3993589743,13453849.256410256,205626.68333333335
2021-01-21,2688,19.0,8205.464000000002,398,49868,3061,0.17750310559006216,450202853.7515528,0.17221739130434785,3293975.010559006,0.0,0.0,0.025397515527950307,2585790.091304348,4329329.192546584,137772.6211180124
2021-01-22,2737,22.0,9526.482000000002,570,42822,3275,0.18439877300613497,716153803.8895706,0.17836196319018402,3793840.079754601,0.0,0.0,0.02633742331288343,3151529.263803681,8879751.484662578,115505.60858895705
2021-01-23,1789,4.0,6462.647,364,42007,2138,0.1841455696202531,789059701.670886,0.1784240506329114,3570650.4493670887,0.0,0.0,0.04594303797468354,2763367.0620253165,3625664.5569620254,75232.28101265823
2021-01-24,1575,9.0,4931.684,308,36439,1867,0.2085375,491788237.4,0.20453750000000012,2783258.85625,0.0,0.0,0.06388749999999997,2254397.24375,4191634.4,73185.75625
2021-01-25,1959,51.0,6950.6410000000005,762,33665,2674,0.15770552147239267,514260332.0,0.14723926380368102,3010691.8650306747,0.0,0.0,0.05229447852760736,2259650.3680981593,13136125.81595092,128133.44969325153
2021-01-26,1702,44.0,5425.168000000002,871,34573,2533,0.18005625000000006,405087816.75,0.16435625000000006,2592855.8625,0.0,0.0,0.06375624999999999,1786963.36875,8173745.625,97237.56875
2021-01-27,1343,40.0,4619.047000000002,877,31741,2174,0.17770186335403723,430399160.7950311,0.16674534161490678,2483576.8074534163,0.0,0.0,0.04780745341614905,1776035.2111801242,8174079.453416149,104272.0950310559
2021-01-28,1617,46.0,4465.141000000003,680,31558,2260,0.16500675675675677,370881236.5337838,0.14980405405405414,2551068.7702702703,0.0,0.0,0.07075675675675674,1898420.0222972974,7237694.594594595,120496.90743243243
2021-01-29,1873,35.0,6402.794999999999,805,36419,2650,0.18516778523489927,506856912.2281879,0.16546308724832218,3566531.5302013424,0.0,0.0,0.06673825503355706,2749265.5,11359844.912751678,94254.50134228187
2021-01-30,1629,27.0,5231.107999999999,374,41307,1988,0.13840000000000005,364792211.9310345,0.1313793103448277,2767075.5310344826,0.0,0.0,0.07002758620689654,2163492.8206896554,10279158.703448275,62153.79517241378
2021-01-31,1403,20.0,4552.563000000002,138,38267,1537,0.15799999999999995,547462819.4615384,0.15392307692307686,2910483.5734265735,0.0,0.0,0.05718181818181818,2740789.4965034965,10799210.48951049,35205.10349650349
2021-02-01,2250,29.0,7188.360000000006,659,60790,2873,0.17133333333333334,523031311.72789115,0.16312244897959186,3289214.285714286,0.0,0.0,0.07876190476190477,2689309.4231292517,15371799.42857143,82517.20408163265
2021-02-02,2639,50.5,8876.917999999998,638,71729,3249,0.16598780487804873,595718318.6097561,0.16028048780487808,3562915.7682926827,1.931707317073171,3.863414634146342,0.04302439024390244,2931401.919512195,15378590.853658536,72255.88414634146
2021-02-03,2310,45.0,8418.957999999999,895,54501,3161,0.160698224852071,549712873.7869823,0.1502366863905326,3548464.230769231,0.0,0.0,0.05113017751479291,2857269.65443787,16947307.55029586,86936.18875739645
2021-02-04,2071,43.0,8890.765000000001,1063,45456,3081,0.14228735632183903,539556888.9195403,0.1338103448275862,3607377.103448276,0.0,0.0,0.039597701149425284,2730578.293103448,15342387.310344828,80709.38103448277
2021-02-05,1975,46.07,7905.690999999997,706,35891,2631,0.14586046511627906,635587295.4651163,0.13956395348837206,3907497.680232558,6.638662790697674,6.204011627906977,0.03136046511627907,3092943.0075581395,13959793.38372093,91129.85930232558
2021-02-06,1544,17.0,6553.332999999999,212,35910,1746,0.12247058823529404,486911557.15294117,0.12060588235294112,4338405.176470588,0.0,0.0,0.025005882352941173,3762403.6352941175,8481703.976470588,45169.65
2021-02-07,1335,18.0,6074.704000000001,145,30424,1472,0.14813939393939396,507417926.43636364,0.14635757575757574,4754556.424242424,0.0,0.0,0.03547878787878789,4093151.5393939395,8001757.672727273,27448.563030303034
2021-02-08,2239,45.260000000000005,8964.118999999999,394,47907,2621,0.14649418604651157,609016044.255814,0.14393023255813955,4396261.1686046515,1.3625348837209301,10.465116279069768,0.06052906976744185,3728270.706395349,11787202.953488372,55922.454651162785
2021-02-09,2412,43.0,9424.998000000003,511,77547,2884,0.1220238095238096,553430153.4523809,0.11737500000000009,3571205.130952381,0.0,0.0,0.04588690476190476,3237162.619047619,15032312.476190476,79950.32559523809
2021-02-10,2063,48.32,8665.157000000001,609,49611,2621,0.13818902439024391,498213763.6585366,0.1337926829268293,3361388.8353658537,0.857701219512195,2.682926829268293,0.02364634146341463,2654145.3457317073,12508507.902439024,121503.34268292683
2021-02-11,1953,34.271,8961.818999999996,351,49764,2287,0.1354727272727273,645665459.7818182,0.13134545454545457,3817046.987878788,0.8089939393939395,2.981818181818182,0.03269090909090909,3274208.4909090907,14084176.181818182,70026.59515151515
2021-02-12,1832,32.0,7834.018000000001,435,44142,2238,0.14295597484276729,623548765.1069182,0.13717610062893085,3805534.0880503147,2.7672955974842766,1.3836477987421383,0.04478616352201257,3279498.748427673,13623836.679245284,64313.24339622641
2021-02-13,1168,28.0,5701.444,220,33659,1381,0.10546496815286621,493792497.10828024,0.10233757961783438,3657280.74522293,0.0,0.0,0.05026114649681529,2896097.2675159234,8196789.808917197,100367.92547770702
2021-02-14,996,6.0,4684.963,260,36574,1241,0.10453086419753083,627553109.2716049,0.09722839506172837,3556853.2716049384,0.0,0.0,0.040919753086419756,3171736.0679012346,7592506.1728395065,72042.25308641975
2021-02-15,1518,40.0,6679.447999999999,448,44234,1951,0.1187378048780488,583141820.4756098,0.11202439024390248,4106553.463414634,0.0,0.0,0.030780487804878034,3483895.8536585364,13980203.170731707,72638.59451219512
2021-02-16,1534,35.188,6470.025999999999,599,45795,2097,0.10322360248447203,377373335.0931677,0.0956583850931677,3360867.3602484474,0.18681987577639753,0.9937888198757764,0.03435403726708074,2461150.2795031057,10813455.527950311,134728.11366459625
2021-02-17,1677,23.0,7069.787000000007,516,53321,2157,0.12667415730337084,438467397.5955056,0.12383146067415743,3573973.4213483147,0.0,0.0,0.016808988764044942,2802370.5,10182842.741573034,188448.35393258426
2021-02-18,1721,29.0,7023.560999999999,435,53806,2128,0.1153815028901734,517010996.7630058,0.11298265895953757,3733035.612716763,0.0,0.0,0.016121387283236994,3074521.5317919077,7526508.312138728,143050.1260115607
2021-02-19,1598,27.0,7411.717999999998,361,45554,1931,0.11453448275862066,533859171.17241377,0.11151149425287356,3858873.988505747,0.0,0.0,0.019735632183908048,3183341.1091954024,9647011.402298851,125241.77298850575
2021-02-20,1221,20.0,5382.267000000003,200,39302,1405,0.11961271676300579,524966046.9537572,0.11734104046242777,3462563.2716763006,0.0,0.0,0.019815028901734102,3048545.2427745666,6177502.89017341,94684.41040462427
2021-02-21,1166,19.0,4333.529,45,45596,1208,0.10068390804597696,306809503.82758623,0.09989655172413787,2765212.6781609193,0.0,0.0,0.020971264367816093,2538625.724137931,4668417.195402299,27383.045977011494
2021-02-22,1627,38.0,7699.596,140,29589,1764,0.11928651685393253,736158821.9719101,0.11058426966292133,4818604.887640449,0.0,0.0,0.02458988764044943,4483035.247191011,10442052.674157303,28516.97584269663
2021-02-23,1720,28.205,9002.217999999995,164,30863,1878,0.1151156069364162,568076984.8901734,0.11307514450867052,4100907.514450867,0.8027456647398844,3.915167630057803,0.009878612716763005,3720637.514450867,16310075.329479769,63009.687861271676
2021-02-24,1809,25.083,9052.000000000002,311,34038,2115,0.13287078651685402,583753379.8370787,0.128370786516854,4157162.4213483147,0.05624719101123596,0.6741573033707865,0.025943820224719097,3657520.741573034,12737549.438202247,79664.26573033708
2021-02-25,1683,38.0,6844.709000000002,251,33829,1924,0.1301363636363637,494254410.96590906,0.12798295454545455,3680117.6306818184,0.0,0.0,0.018744318181818185,3127369.5056818184,8900602.931818182,68051.80113636363
2021-02-26,1636,27.0,6036.755000000006,200,30344,1820,0.10550574712643675,402755517.0632184,0.10274712643678159,2538360.0517241377,0.0,0.0,0.01589080459770115,2192743.9770114943,9008008.574712643,64406.75862068965
2021-02-27,1079,18.089,4308.302999999994,117,24779,1190,0.137462962962963,502463599.9691358,0.13501851851851854,3015277.4691358022,0.2933395061728395,3.2789259259259262,0.010777777777777777,2810459.8086419753,7129999.901234568,39547.950617283954
2021-02-28,1008,14.0,4060.2470000000003,128,22851,1129,0.14732926829268297,714317800.7317073,0.14550000000000002,3124159.9573170734,0.0,0.0,0.020231707317073168,2906908.8902439023,9683638.414634146,51923.439024390245
2021-03-01,1802,29.225,7899.882000000001,382,34108,2167,0.12501156069364164,503699096.7398844,0.12188439306358381,3444615.2485549133,0.7079132947976878,3.1445086705202314,0.022693641618497105,2862361.2716763006,11305095.560693642,62274.74566473989
2021-03-02,1943,41.0,8586.079999999993,299,38494,2229,0.14419680851063826,724916656.2234043,0.14081914893617015,3784020.015957447,0.0,0.0,0.014867021276595742,3383698.1329787234,10370580.255319148,42703.414893617024
2021-03-03,1956,37.0,6796.079,348,34266,2291,0.12702222222222212,445058841.37777776,0.12440555555555548,2617984.738888889,0.0,0.0,0.030733333333333324,2265462.7944444446,9710316.622222222,36487.48055555556
2021-03-04,2021,35.0,7235.773999999998,406,32395,2419,0.14003125000000005,457863367.0052083,0.1368802083333333,2636793.6041666665,0.0,0.0,0.021276041666666665,2161640.6953125,9597290.208333334,45800.705729166664
2021-03-05,1842,39.0,6025.417000000002,295,28349,2130,0.14569518716577537,435156098.96256685,0.14215508021390372,2811510.229946524,0.0,0.0,0.020620320855614972,2186646.5721925134,5270290.374331551,57224.1705882353
2021-03-06,1267,14.048,4289.432999999999,115,31491,1379,0.13183606557377045,409728190.87431693,0.13065027322404368,2828324.426229508,0.13053551912568306,2.7141311475409835,0.009754098360655735,2316505.0655737706,8556888.24043716,72798.23661202186
2021-03-07,1114,20.934,3278.962999999997,126,30433,1233,0.1616531791907515,530771949.57225436,0.1572774566473989,2832846.572254335,0.9464046242774568,3.699421965317919,0.02092485549132948,2294295.9826589595,5954590.196531792,64973.167630057804
2021-03-08,1814,24.0,5901.834000000004,123,33367,1930,0.15106666666666663,488081751.7846154,0.14758974358974356,2743211.846153846,0.0,0.0,0.015682051282051284,2203653.9487179485,5955075.343589744,125292.78615384616
2021-03-09,1742,33.0,5692.893000000001,4,50277,1746,0.1365612244897959,524419762.67346936,0.13629591836734692,2265498.6173469387,0.0,0.0,0.006341836734693877,2258671.8061224488,9943715.795918368,1034.1530612244899
2021-03-10,1716,33.565,6630.350999999998,13,30160,1729,0.1605427135678392,631846953.1557789,0.15905025125628144,2676143.8592964825,1.5343316582914572,3.8341708542713566,0.007150753768844219,2661864.7236180906,10730681.427135678,14405.502512562814
2021-03-11,1746,24.0,5526.924999999999,17,47121,1759,0.13371134020618564,476709872.26804125,0.13187628865979387,2315230.68556701,0.0,0.0,0.005314432989690721,2307995.288659794,8705363.402061855,6546.0360824742265
2021-03-12,1230,18.0,4316.804000000002,6,21802,1234,0.13268648648648648,598113287.7513514,0.13233513513513512,2851231.4918918917,0.0,0.0,0.00435135135135135,2843365.827027027,5810064.908108108,8140.508108108108
2021-03-13,945,17.111,2396.9,0,23493,945,0.13829281767955803,402087516.2209945,0.13829281767955803,1840840.403314917,0.23860220994475137,2.154696132596685,0.0,1840840.403314917,5919116.022099447,0.0
2021-03-14,748,9.0,1991.957,3,15724,751,0.12252873563218387,439898146.77011496,0.12232758620689652,1820932.2011494252,0.0,0.0,0.008045977011494253,1819508.316091954,5319540.137931035,7570.752873563219
2021-03-15,1452,29.443,3900.2389999999987,20,42376,1471,0.12628333333333328,438722248.57222223,0.12609999999999996,1984887.572222222,0.8918,2.013333333333333,0.007555555555555555,1967812.8833333333,6085504.466666667,4883.724444444445
2021-03-16,2040,31.049,5696.548999999996,24,60257,2062,0.1565947368421052,591144871.9789474,0.1553947368421052,2365387.8421052634,0.6762315789473685,4.578947368421052,0.011278947368421052,2358383.552631579,7154621.178947369,5909.863157894737
2021-03-17,2065,31.913,5960.739,31,62209,2091,0.16167955801104975,604452217.8674033,0.16140331491712712,2695110.9613259668,2.0532375690607734,5.018629834254144,0.0024861878453038676,2686751.6132596685,10958635.82320442,9380.093922651933
2021-03-18,1797,28.0,5727.6029999999955,75,57049,1861,0.14334920634920634,530449931.26984125,0.13622751322751323,2446881.9365079366,6.565079365079365,3.2825396825396824,0.016746031746031745,2423738.195767196,8304501.608465608,22301.5873015873
2021-03-19,1584,18.0,4826.066999999999,162,38754,1720,0.1511179775280898,487773003.35955054,0.14734831460674147,2386688.337078652,0.0,0.0,0.009106741573033707,2327585.3230337077,8870603.932584269,23813.362359550563
2021-03-20,730,14.48,2417.7239999999993,54,13728,782,0.13670454545454544,436200828.1931818,0.13070454545454543,1920227.5909090908,1.2723920454545454,2.6496988636363636,0.01203409090909091,1888831.111931818,4058932.9318181816,36397.67727272728
2021-03-21,730,5.403,2251.632,385,20297,1070,0.1503898305084746,432720346.259887,0.142225988700565,2049399.2881355933,0.09105084745762712,0.22598870056497175,0.011943502824858756,2018043.175141243,3477040.13559322,12475.977401129943
2021-03-22,1418,26.338,5081.790000000001,1329,24018,2574,0.160521505376344,545612452.4623656,0.15523118279569886,2137764.6559139783,0.12711290322580646,0.3763440860215054,0.018387096774193548,2054573.9763440862,8756654.387096774,60250.16344086022
2021-03-23,1630,24.281,5745.033,2005,50192,3389,0.13155494505494505,529863912.38461536,0.12384065934065933,2379259.021978022,0.37048351648351646,1.3186813186813187,0.01465934065934066,2182161.714285714,8219244.351648352,44342.28461538461
2021-03-24,1739,21.315,6061.375999999999,3325,43228,4660,0.13435263157894733,423511922.23157895,0.1222842105263158,2470937.0631578946,0.05796315789473684,0.18421052631578946,0.033452631578947366,2168464.860526316,10959931.494736843,84558.73421052631
2021-03-25,2889,43.701,13722.179999999995,5644,126687,7993,0.1453560209424083,538556266.7015706,0.1350785340314136,4134784.3089005235,8.092434554973822,11.527905759162303,0.02862303664921466,2655408.32460733,27918595.76963351,306803.8429319372
2021-03-26,2536,35.282,12112.150999999994,6376,130990,8395,0.12361956521739131,439933429.2173913,0.11305434782608698,4152375.527173913,7.243114130434782,10.243695652173912,0.02789673913043478,2671731.1086956523,16782642.45652174,333472.4293478261
2021-03-27,2113,20.367,10852.491000000004,3166,117836,5055,0.13809944751381226,475552664.9281768,0.12608839779005537,3562395.73480663,0.6340662983425415,1.729281767955801,0.039585635359116016,2477150.3988950276,12505553.016574586,284155.0508287293
2021-03-28,2396,14.0,11934.571000000004,7444,108408,9292,0.14111413043478266,388107061.0869565,0.11745108695652175,5130679.619565218,0.0,0.0,0.048858695652173906,1941834.6304347827,10653496.086956521,241464.97282608695
2021-03-29,2919,28.333,13935.066999999988,10769,129496,12958,0.15755958549222793,501091932.7046632,0.13274093264248701,5264417.823834197,25.72834715025907,10.64677202072539,0.04146113989637306,2255787.797927461,18198825.585492227,185414.45077720206
2021-03-30,3072,41.412,12736.154999999999,7617,127147,10141,0.1819109947643979,623565789.4659686,0.1611884816753927,4312088.7068062825,0.15087434554973822,0.36649214659685864,0.040439790575916214,2449087.0785340313,15190948.041884817,139602.95340314138
2021-03-31,2654,37.0,12381.813999999991,9807,116243,11629,0.14556544502617796,465842917.7382199,0.12283769633507863,4579597.047120418,0.0,0.0,0.03292146596858638,2037179.2198952879,14280776.921465969,181158.84816753925
2021-04-08,2251,33.0,10012.270999999995,5535,86740,7332,0.15379487179487183,604710231.4102564,0.1297948717948718,4364510.705128205,0.0,0.0,0.048358974358974356,2277495.0833333335,21451310.53846154,198381.33974358975
2021-04-09,3225,23.0,19574.20999999999,9066,139223,11643,0.14854140127388538,646962750.0382166,0.12159872611464974,7603568.484076433,0.0,0.0,0.047560509554140123,3165882.6496815286,24307331.414012738,277203.8789808917
2021-04-10,1487,21.0,6045.109000000002,1676,35660,3004,0.1392582781456954,679526502.6092715,0.11299337748344367,4006167.4834437086,0.0,0.0,0.05087417218543048,3380487.571523179,8908331.668874172,90073.41258278146
2021-04-11,2058,14.0,8383.930999999993,998,75571,2960,0.12173885350318474,728830743.1719745,0.09808280254777071,4588600.96178344,0.0,0.0,0.05729936305732483,4240341.161783439,12407478.191082802,67759.81783439491
2021-04-12,4731,42.0,31022.768999999993,1847,60046,6436,0.16302453987730073,999550863.3006135,0.1326319018404908,5448181.478527607,0.0,0.0,0.053503067484662575,5031678.677300613,41325965.3006135,63907.497546012266
2021-04-13,6074,40.0,39016.69099999998,1714,84027,7593,0.13189156626506016,830611641.4939759,0.10683734939759029,5497906.397590362,0.0,0.0,0.047975903614457846,5197152.246385542,62353710.28915662,68225.79457831326
2021-04-14,4369,34.0,32620.309000000005,2950,71594,7063,0.1377168674698795,992810208.2771084,0.10512650602409639,7388702.180722891,0.0,0.0,0.05830722891566265,6982191.603012048,56579670.144578315,65681.27168674699
2021-04-15,4130,44.0,27805.549999999985,3898,89982,7675,0.10835151515151517,896655001.3090909,0.08539393939393938,8053852.824242424,0.0,0.0,0.05011515151515151,7586155.124242424,47424285.74545454,67261.11393939394
2021-04-16,2942,26.0,24572.831,2973,64333,5697,0.12183233532934132,1104521376.2155688,0.08837724550898199,8734997.646706587,0.0,0.0,0.062065868263473066,8185330.288622755,23630922.2754491,63826.282634730545
2021-04-17,1352,12.0,4732.134,933,59476,2200,0.1605592105263158,677159882.5,0.13511842105263153,3192109.236842105,0.0,0.0,0.05938815789473682,2905239.675,6823597.2105263155,79480.76578947369
2021-04-18,1298,12.0,4624.273999999998,368,46715,1637,0.16029729729729736,535713598.6554054,0.13447297297297298,2549942.5675675673,0.0,0.0,0.07010135135135136,2333697.746621622,16667840.027027028,61863.947297297294
2021-04-19,2205,25.0,9938.643000000002,661,64048,2788,0.16698159509202445,652444811.0858896,0.14294478527607357,3369787.969325153,0.0,0.0,0.05119631901840492,3106269.3650306747,14835447.705521472,58787.091411042944
2021-04-20,1772,39.0,5922.815999999997,427,44570,2157,0.17565868263473047,674948367.005988,0.14387425149700597,3019452.0598802394,0.0,0.0,0.06036526946107783,2793299.350299401,7672589.820359281,67211.75628742516
2021-04-21,1628,35.0,5224.594999999998,941,36585,2486,0.17539520958083832,598028076.1916168,0.14914371257485035,2701447.9640718563,0.0,0.0,0.042431137724550906,2333740.2323353295,10059674.34730539,82013.08263473054
2021-04-22,1500,30.0,4388.752999999999,1029,31005,2435,0.17622485207100588,703090503.928994,0.1502189349112426,2906764.8934911243,0.0,0.0,0.04620118343195266,2467232.1396449707,3996027.680473373,76510.91065088757
2021-04-23,1365,33.0,3946.283,865,28955,2152,0.15491304347826082,522954809.16770184,0.1259440993788819,2621853.136645963,0.0,0.0,0.04878881987577639,2208100.5093167704,8521705.639751554,74662.47950310558
2021-04-24,1173,17.0,2779.734999999999,627,43639,1754,0.15168387096774194,379013513.88387096,0.11509032258064511,1983508.341935484,0.0,0.0,0.0639225806451613,1642728.9612903225,5475796.232258065,91995.56
2021-04-25,763,11.0,2403.373999999999,935,17059,1633,0.1765238095238095,729913167.1156462,0.1415918367346939,2598421.4149659863,0.0,0.0,0.05906122448979591,1990397.800680272,5897712.816326531,89188.5394557823
2021-04-26,1485,31.0,5974.548999999999,1124,22975,2526,0.18504320987654319,732811749.1234568,0.15185185185185185,3116322.25308642,0.0,0.0,0.04895679012345679,2581975.425925926,10155005.530864198,121418.14197530864
2021-04-27,1577,36.0,5865.643999999999,1424,26933,2869,0.17160736196319018,482077700.8834356,0.13871165644171782,2667214.5337423314,0.0,0.0,0.051496932515337414,1950490.1883435582,5947976.122699386,118137.71901840491
2021-04-28,1726,46.0,6591.58,772,38455,2405,0.15519620253164557,652756390.2151898,0.1351518987341771,3285638.4620253164,0.0,0.0,0.03913924050632911,2837859.6835443038,9564097.126582278,189840.05696202532
2021-04-29,1614,39.0,5702.325,1023,43404,2555,0.16674074074074077,647353796.0617284,0.14066666666666666,3092174.4938271604,0.0,0.0,0.049098765432098755,2488341.0,10549703.75308642,103854.36851851852
2021-04-30,1231,20.0,3900.6990000000014,849,32850,2017,0.17542105263157898,570910164.5657895,0.15296710526315785,2702851.486842105,0.0,0.0,0.04203947368421053,2189168.040789474,10222824.184210526,129107.71184210526
2021-05-01,1223,9.0,3241.141,1368,38815,2472,0.15897183098591547,1048870402.6901408,0.1307535211267605,2812299.9929577466,0.0,0.0,0.046971830985915494,2072698.7605633803,5487887.3239436615,118550.26760563381
2021-05-02,1086,9.0,2274.9060000000004,746,49344,1764,0.12639864864864866,320569615.4662162,0.10012837837837833,1746843.3445945946,0.0,0.0,0.054601351351351336,1313195.3966216214,4802804.0,89057.91351351351
2021-05-03,1844,49.0,6664.663999999995,1459,35897,3172,0.14918120805369126,495605717.0067114,0.1342617449664429,2047367.9899328859,0.0,0.0,0.0247248322147651,1667096.9412751677,4862423.181208054,59050.33859060402
2021-05-04,2625,51.0,10235.172999999995,983,66162,3520,0.12254177897574124,454630077.78975743,0.11125876010781667,2281864.061994609,0.0,0.0,0.01649865229110512,2117559.1913746633,5621681.380053909,44188.83423180593
2021-05-05,2246,38.0,9917.544999999998,648,21336,2834,0.1529093198992444,564738984.9672544,0.13987909319899244,2424192.007556675,0.0,0.0,0.01842569269521411,2244019.8337531486,7304683.299748111,59834.62216624685
2021-05-06,2269,48.0,10823.820999999998,587,20136,2813,0.13335978835978843,568979840.8465608,0.12243650793650795,2627208.092592593,0.0,0.0,0.016415343915343914,2443619.947619048,6072058.2433862435,29228.631746031748
2021-05-07,1947,45.0,10200.254000000003,1772,24938,3593,0.13275338753387536,662263082.6205962,0.12085094850948509,2910856.8184281844,0.0,0.0,0.017284552845528454,2626010.0894308942,8412639.479674798,47103.07046070461
2021-05-08,1406,29.0,6957.861999999995,809,14135,2163,0.14056880733944954,715004186.1039755,0.12143425076452598,2320821.03058104,0.0,0.0,0.02922935779816515,2203049.922324159,6155330.226299694,48814.51987767585
2021-05-09,1228,26.0,4288.357000000002,1328,24412,2432,0.12292999999999997,457739485.04,0.10814666666666663,1889289.9166666667,0.0,0.0,0.03283666666666667,1663693.6893333334,4825627.866666666,70376.21866666667
2021-05-10,1889,32.0,7664.016000000003,1457,29483,3197,0.13284142394822013,614238260.1488674,0.1247346278317153,2230841.297734628,0.0,0.0,0.02693527508090615,2127784.4223300973,7111637.618122977,38617.00323624595
2021-05-11,2687,52.0,11012.574999999997,2711,46768,5123,0.13546865671641792,502445946.5791045,0.12545970149253727,2089018.4656716418,0.0,0.0,0.020823880597014927,1899564.671641791,6568612.011940299,71850.14328358209
2021-05-12,2043,65.0,8978.177999999994,1269,21039,3174,0.1309181286549708,530277925.2923977,0.11774269005847951,2291033.730994152,0.0,0.0,0.019520467836257313,2011705.346491228,6434057.263157895,40342.8230994152
2021-05-13,1929,52.0,8582.832,487,17041,2373,0.12511699164345402,662076549.7381616,0.11297493036211699,2421918.398328691,0.0,0.0,0.022295264623955424,2128424.7103064065,6101969.805013928,37970.35988857938
2021-05-14,2170,50.0,11345.862000000003,7115,60917,8855,0.14678296146044637,404173796.7991886,0.10590872210953348,2373050.9188640974,0.0,0.0,0.049344827586206876,1686837.6616632862,5578865.54969574,80710.82880324546
2021-05-15,4225,34.0,36322.07999999999,16823,191105,20159,0.1222733188720173,636998986.7201735,0.08852494577006513,4987865.6876355745,0.0,0.0,0.05291106290672448,2201365.6913232105,19900348.980477225,273504.9885032538
2021-05-16,4259,26.0,22458.029000000002,3788,85973,7820,0.11503472222222227,458409029.5416667,0.09809722222222232,3382591.421296296,0.0,0.0,0.050958333333333314,2212714.2766203703,11491090.148148147,130779.30787037036
2021-05-17,29820,64.0,58487.60599999999,408,1855325,30211,0.13671365638766528,685350945.3303965,0.1366475770925111,2336704.5528634363,0.0,0.0,0.03484140969162996,2329779.605726872,44216719.40088106,19215.640969162996
2021-05-18,20198,84.0,52452.03099999996,71,997474,20268,0.12923059866962328,531512336.2217295,0.1291596452328162,2329947.2793791573,0.0,0.0,0.0191529933481153,2328083.401330377,30593986.385809314,6761.8926829268285
2021-05-19,23106,66.0,45532.979,640,1125394,23697,0.13643884892086336,566749095.7553957,0.13445323741007204,2256043.0575539568,0.0,0.0,0.024227817745803366,2174024.3333333335,18715387.94244604,40064.98800959233
2021-05-20,40910,71.0,79867.11300000003,282,2442927,41175,0.1449014084507043,609691327.8967136,0.144849765258216,2312971.23943662,0.0,0.0,0.02619718309859155,2311280.1807511738,38239804.42253521,50390.18215962442
2021-05-21,11141,64.0,42166.79999999999,402,466646,11500,0.13515402298850585,604792224.0275862,0.1347655172413794,2567489.2298850575,0.0,0.0,0.033613793103448274,2551992.372413793,8742199.944827586,54594.63333333333
2021-05-22,32740,38.0,88696.57100000004,1227,1725570,33869,0.11206177606177621,556364527.938224,0.11184749034749049,2420393.6563706566,0.0,0.0,0.031615830115830114,2405657.2683397685,17869567.266409267,92537.73532818534
2021-05-23,10331,44.0,17863.379000000004,1196,633065,11447,0.1099257641921398,592003572.1091703,0.10945851528384283,2635357.2030567685,0.0,0.0,0.03385371179039301,2605476.88209607,8396914.777292576,165545.7986899563
2021-05-24,25369,70.0,38902.49799999999,3927,1935300,29070,0.11501446280991734,713472205.0991735,0.11343388429752059,2980989.995867769,0.0,0.0,0.030033057851239667,2892469.758264463,13456056.033057852,203291.20247933886
2021-05-25,20346,70.0,31852.529999999988,1058,1511473,21343,0.13292412451361882,842332458.340467,0.1325155642023348,2881030.571984436,0.0,0.0,0.024717898832684822,2869886.5992217897,9871583.540856032,103870.34435797666
2021-05-26,32111,70.0,64619.388000000035,6363,2353459,38077,0.11255443548387098,663106641.8064516,0.10827419354838719,3402761.3286290322,0.0,0.0,0.02633266129032259,3092961.16733871,34425367.82258064,161896.3185483871
2021-05-27,30272,86.0,89537.409,6422,2337500,36283,0.10617489711934154,763722726.473251,0.10487242798353907,4175377.442386831,0.0,0.0,0.02825102880658436,4018784.8724279837,44923572.3127572,263067.7962962963
2021-05-28,8730,90.0,98977.76899999999,16648,296982,24380,0.11277130977130971,746725881.6133056,0.09389189189189188,7437393.819126819,0.0,0.0,0.026981288981288987,4705636.733887734,58136126.56964657,286142.86694386695
2021-05-29,8976,85.0,92343.62200000003,9661,485997,18035,0.09874666666666673,894923668.2355555,0.09236666666666678,6804194.906666666,0.0,0.0,0.029142222222222215,5312777.26,55833611.16444445,314006.1311111111
2021-05-30,8192,65.0,96554.814,7437,410927,15016,0.08035555555555551,802140269.0977777,0.07401111111111114,7708480.8533333335,0.0,0.0,0.03366444444444444,6247674.831111111,65551846.47111111,349570.46444444446
2021-05-31,9204,76.0,115392.59399999995,5936,526182,14688,0.10867,1064807272.032,0.10376600000000007,8894622.432,0.0,0.0,0.029763999999999995,8132458.808,61320588.768,204379.898
2021-06-01,11073,89.0,105712.46599999997,15785,661675,25701,0.10945108695652181,1007357372.4891304,0.10053079710144942,8055300.382246377,0.0,0.0,0.038635869565217376,7237165.972826087,38610872.58695652,131720.92028985507
2021-06-02,4879,72.0,27563.284000000003,2978,212234,7616,0.1208726415094339,588919691.1981132,0.11365330188679255,3509527.7264150945,0.0,0.0,0.04351886792452828,2793103.0754716983,18041782.849056605,237897.68608490567
2021-06-03,3537,66.0,14196.266999999996,985,230599,4442,0.12507603686635954,597218277.9562212,0.11776497695852539,2675210.1774193547,0.0,0.0,0.050585253456221196,2352298.0059907837,8259540.101382488,134712.96797235022
2021-06-04,2330,63.0,10470.571000000009,215,72121,2525,0.1241642857142858,531745145.5761905,0.11587380952380961,2368989.745238095,0.0,0.0,0.0378,2238717.010952381,7655838.076190476,100628.07523809525
2021-06-05,2011,30.0,7865.131,69,51311,2076,0.131746835443038,485506997.28101265,0.12381772151898741,2055450.382278481,0.0,0.0,0.02785063291139241,2022787.829113924,4244964.010126582,43594.34683544304
2021-06-06,2178,30.0,8196.61,119,79292,2294,0.12198181818181832,415215923.0246753,0.1119558441558443,2053771.7493506493,0.0,0.0,0.0566961038961039,1984131.4615584416,8482738.7012987,26922.76025974026
2021-06-07,3181,69.0,15075.368999999997,717,78585,3847,0.12123042505592845,408587515.19463086,0.11174049217002244,2115143.3736017896,0.0,0.0,0.03598210290827741,1961767.0158836693,6357464.6174496645,72288.50357941833
2021-06-08,3455,61.0,15556.230999999996,1230,80613,4592,0.16592361111111126,680369857.0277778,0.15122453703703706,2565901.152777778,0.0,0.0,0.04687037037037039,2330098.7064814814,8818078.666666666,108073.06157407408
2021-06-09,2933,70.0,13522.169999999998,649,57031,3521,0.15294582392776532,662273229.9458239,0.13730022573363437,2518796.0293453727,0.0,0.0,0.04408803611738148,2338019.066591422,7041513.09255079,95275.85869074492
2021-06-10,2841,69.0,12335.423999999994,990,68090,3771,0.15322072072072068,576432683.2702702,0.1412027027027028,2240103.849099099,0.0,0.0,0.0308490990990991,2002445.4596846846,8387422.774774775,100908.82792792794
2021-06-11,2533,57.0,11416.868000000006,483,56841,2977,0.14465165876777258,483162496.2203792,0.13146445497630344,2180646.646919431,0.0,0.0,0.042905213270142184,1923820.5042654027,6500629.374407583,64631.58317535545
2021-06-12,2137,42.0,9244.133,493,63208,2604,0.14266334164588532,539590908.6159601,0.1289875311720699,2458782.458852868,0.0,0.0,0.03749625935162096,2139979.1466334164,4991057.117206982,86085.87730673316
2021-06-13,2037,34.0,9181.747999999998,378,62623,2386,0.10638059701492544,374480666.15174127,0.09638059701492553,1948701.196517413,0.0,0.0,0.038291044776119415,1777101.5845771143,5299125.054726368,110439.39054726368
2021-06-14,3243,64.0,15559.089999999995,802,78650,4001,0.11639999999999998,465769785.2258065,0.10727956989247324,2305179.243010753,0.0,0.0,0.028264516129032243,2045330.0,10565967.879569892,80724.62150537634
2021-06-15,3210,63.0,16004.688000000006,777,72871,3918,0.08624649298597195,326143124.05210423,0.07319238476953906,2314763.4488977958,0.0,0.0,0.026809619238476953,2102112.2587174345,4720947.911823647,114670.05230460923
2021-06-16,2622,60.227,13410.422999999986,311,42215,2906,0.10510165975103736,410239103.219917,0.09479668049792533,2346156.114107884,0.21854356846473028,0.9626556016597511,0.030639004149377588,2234471.731327801,4852126.987551867,68783.4304979253
2021-06-17,2575,64.0,14793.626999999993,2106,53281,4536,0.1458917197452229,506686885.79193205,0.12512738853503194,2673286.9639065815,0.0,0.0,0.03478131634819532,2100474.464118896,5937032.203821656,142216.557537155
2021-06-18,2253,48.0,14731.890999999998,4946,60867,6810,0.1371401869158878,546474887.8691589,0.10576869158878507,3343580.3224299066,1.341121495327103,1.341121495327103,0.044642523364485986,1989901.8738317757,8132683.23364486,207815.79906542055
2021-06-19,1567,29.0,10858.980999999992,3629,39604,4948,0.13027999999999998,346565753.895,0.08753750000000006,3230058.45,0.0,0.0,0.0549675,1583549.6825,4293451.52,256835.9925
2021-06-20,1096,23.32,4634.026999999997,53,24617,1145,0.09097643979057596,447843159.71727747,0.0842068062827225,1876570.8612565445,0.18099476439790577,0.5654450261780105,0.02224607329842932,1793250.2958115183,2797133.769633508,31293.15706806283
2021-06-21,2250,58.359,11689.773999999994,117,29473,2363,0.13388036117381497,633446769.952596,0.12043792325056439,2505329.0361173814,0.44606094808126406,1.2415349887133182,0.0424198645598194,2402404.856207675,6849404.036117381,46391.075169300224
2021-06-22,2049,40.09,10047.359000000008,62,23170,2110,0.13600471698113203,453832614.2924528,0.1297382075471698,2010266.3325471699,0.34861792452830187,3.875,0.03403066037735849,1964552.7735849055,7850668.396226415,26931.091509433965
2021-06-23,2056,46.678,10227.846000000001,33,24055,2088,0.1263625866050809,556493646.6905311,0.11877367205542731,2052351.6651270208,0.7520346420323325,1.1085450346420322,0.02963279445727483,2016312.1616628175,5275622.378752887,20461.5935334873
2021-06-24,4145,65.75,18726.998,308,117867,4431,0.1336398210290828,661074771.689038,0.1231543624161074,2444587.4474272933,0.09395973154362416,0.12527964205816555,0.039393736017897085,2316402.8277404923,8942337.619686801,81006.30805369127
2021-06-25,16891,96.0,118478.62899999994,18805,1291132,34856,0.11641705069124426,479181688.9308756,0.10894239631336416,3761378.8225806453,0.0,0.0,0.03863133640552996,2206198.50921659,52058972.71889401,287111.29262672813
2021-06-26,17990,79.0,98966.05699999999,15265,1729265,32523,0.11342786069651745,517902509.8308458,0.11087562189054738,3011969.957711443,0.0,0.0,0.035410447761194036,2276195.1641791044,53905472.39800995,307891.2524875622
2021-06-27,7833,56.0,64440.188,14515,685391,21562,0.09883678756476687,401002219.65284973,0.09413730569948196,3089407.945595855,0.0,0.0,0.04916580310880827,2136002.779792746,69941095.00518134,343540.1227979274
2021-06-28,8331,91.639,69571.406,23665,647135,30770,0.12154716981132078,547026303.8278302,0.11377594339622649,3305388.0023584906,1.2373537735849058,0.7547169811320755,0.0454811320754717,2065169.4799528301,61528578.18396226,234258.6900943396
2021-06-29,10886,84.173,64789.993000000024,11216,896125,21631,0.12362468513853912,448426941.6322418,0.11928715365239317,2926703.959697733,0.13183123425692697,0.7632241813602015,0.043559193954659944,2198277.8362720404,45118707.04282116,192543.3967254408
2021-06-30,7232,87.0,40980.28899999998,3272,497279,10391,0.13425968109339423,619271453.2870159,0.1296560364464694,2883789.353075171,0.0,0.0,0.05229157175398631,2565669.459453303,24619521.8952164,113762.51913439635
2021-07-01,12410,101.333,73104.85599999997,11133,1090776,23120,0.12508705882352938,558722585.32,0.11965647058823539,2981277.663529412,0.602355294117647,1.8070588235294118,0.054002352941176474,2463464.2872941177,52404016.00941177,114866.81764705882
2021-07-02,5634,77.0,40751.965000000004,5848,366346,11263,0.11329468599033828,435868641.98550725,0.10070772946859918,3134601.5,0.0,0.0,0.07579468599033816,2203451.0359903383,18080652.80193237,140078.0234299517
2021-07-03,1553,31.0,6892.398999999999,85,39825,1635,0.09089393939393942,352024698.0429293,0.08625000000000002,1882561.6515151516,0.0,0.0,0.048707070707070706,1797872.133838384,5260259.636363637,15617.992171717171
2021-07-04,1603,29.5,7896.47,33,41408,1634,0.10665925925925931,459800763.0419753,0.10157283950617288,2269078.592592593,0.3851851851851852,0.7703703703703704,0.0214320987654321,2235725.3333333335,5159119.249382716,11722.576543209876
2021-07-05,2501,63.047,16367.193000000003,84,42185,2577,0.1155197368421053,582664814.1096492,0.10912938596491233,2791203.6666666665,0.04350657894736842,0.9324078947368423,0.026388157894736843,2748128.13377193,9303685.368421054,16103.740789473684
2021-07-06,2157,59.0,13384.294999999993,61,31617,2217,0.10769844789356985,756227175.8758315,0.0935631929046563,3037392.0753880264,0.0,0.0,0.04171175166297117,2980010.135254989,7750046.048780488,13001.157427937917
2021-07-07,2158,54.0,12915.229999999989,70,37408,2226,0.11534352941176479,543912229.7176471,0.10109411764705892,2308784.6047058823,0.0,0.0,0.04891529411764706,2238127.3247058825,7611227.538823529,17879.97858823529
2021-07-08,2289,54.0,14160.583000000002,48,35483,2332,0.13851555555555561,706603187.2244444,0.1180000000000001,2978687.4044444445,0.0,0.0,0.037748888888888894,2939451.748888889,10175082.186666667,7996.688666666665
2021-07-09,2184,61.0,11265.597000000009,57,37827,2236,0.11456483516483518,531474563.5604396,0.10261758241758245,2245692.5186813185,0.0,0.0,0.025432967032967033,2193674.6395604396,6865437.362637362,11000.737362637363
2021-07-10,1947,36.0,9454.520999999995,39,44060,1984,0.14005607476635518,662259921.6308411,0.13339018691588786,2399715.7476635515,0.0,0.0,0.02897196261682243,2372712.6261682245,7221529.962616823,12814.73714953271
2021-07-11,1656,22.0,7230.3820000000005,10,41371,1666,0.106877990430622,442280335.1004785,0.10326076555023925,2033979.95215311,0.0,0.0,0.012760765550239233,2028804.7799043062,5122344.497607656,4256.688995215311
2021-07-12,2514,53.0,11605.126000000002,11,38491,2525,0.14207456140350883,642679773.7302631,0.1315592105263158,2517288.5745614036,0.0,0.0,0.015899122807017545,2519064.3377192984,8955960.50877193,8194.166666666666
2021-07-13,2300,67.0,10443.82299999999,11,29234,2310,0.131604347826087,531402268.6391304,0.1258021739130435,2116426.7391304346,0.0,0.0,0.01706521739130435,2118478.315217391,7025284.747826087,25415.75652173913
2021-07-14,2131,60.0,9981.325000000003,12,24841,2143,0.13810244988864148,577244074.5768374,0.13571714922049002,2291161.35857461,0.0,0.0,0.012942093541202671,2287511.8396436526,5244332.7750556795,1036.6280623608018
2021-07-15,2083,45.294,8731.091999999995,16,21741,2097,0.13039864864864864,452361190.8333333,0.1288513513513513,2017634.981981982,0.13899774774774776,0.47297297297297297,0.013963963963963964,1991162.6509009008,6062229.261261261,4562.045045045045
2021-07-16,2105,41.0,8914.858999999999,37,31146,2141,0.08569037656903768,327835531.0404463,0.07901673640167366,1373334.8535564854,0.0,0.0,0.011868898186889819,1365343.0857740585,3329418.3654114367,5366.145048814505
2021-07-17,1763,46.0,8163.087000000007,25,30632,1785,0.06549397590361444,247620846.86746988,0.06354350736278447,1287167.7443105755,0.5408299866131191,0.5408299866131191,0.01017536813922356,1274871.9879518072,3468345.108433735,4092.182061579652
2021-07-18,1412,30.049,6056.688000000004,26,25370,1437,0.07400272479564038,263280227.88283378,0.07333651226158044,1256022.749318801,0.026204359673024525,0.5362397820163488,0.007960490463215258,1239585.7138964578,3336232.9809264303,8483.576158038148
2021-07-19,2456,58.0,12167.20600000001,140,43782,2589,0.07530676328502418,236686188.58454105,0.06407246376811596,1392303.3490338165,0.0,0.0,0.017165458937198067,1346015.1763285024,4025210.5120772948,19404.163647342993
2021-07-20,3482,76.0,18782.801999999996,108,85427,3578,0.08857045454545463,393871492.8840909,0.08093409090909096,2581685.9886363638,0.0,0.0,0.015962499999999998,2544750.475568182,4493416.590909091,33339.834659090906
2021-07-21,9604,96.077,73492.625,2873,520449,12340,0.06882785956964893,406035602.22423553,0.06289807474518687,4388503.774631937,0.401440543601359,0.6115515288788222,0.012525481313703287,3967848.9626274067,21578419.270668175,98382.32163080407
2021-07-22,10134,96.0,71926.67199999993,3616,578148,13577,0.07620818291215403,385138968.1492178,0.07143561973525876,2991414.6690734057,0.9819494584837545,0.9819494584837545,0.011924187725631768,2400063.3369434415,30190437.809867628,121737.66907340553
2021-07-23,8054,103.68,72209.09299999996,17131,499103,24525,0.08388875598086128,339456325.06698567,0.07676913875598086,3691801.783492823,0.1757117224880383,0.2583732057416268,0.015003588516746408,2203630.799043062,21683790.3492823,112491.71650717703
2021-07-24,8849,88.0,64794.217000000004,7649,535540,16126,0.0704067584480601,340356320.0175219,0.06348310387984986,3438705.4355444307,0.0,0.0,0.016035043804755948,2682622.0838548187,28010436.836045057,122089.32790988736
2021-07-25,8555,74.363,61404.87399999999,4166,534147,12531,0.0724720101781171,390583536.37150127,0.0666679389312978,3388841.0139949108,0.1620470737913486,0.44656488549618323,0.017586513994910947,2787373.6806615777,25950912.987277355,98929.73282442748
2021-07-26,8884,97.19200000000001,72147.88499999997,11480,536723,19819,0.09218491484184906,427588707.5328467,0.08472262773722633,3735962.856447689,0.6221934306569344,1.6909975669099757,0.016214111922141113,2420051.4513381994,23597342.905109487,134122.72749391728
2021-07-27,8313,100.198,66672.33500000005,6780,464510,14677,0.08671791767554483,390279946.9322034,0.08075786924939471,3524407.3983050846,0.05076150121065376,0.0423728813559322,0.014338983050847458,2693808.9346246975,26015798.63922518,123124.12832929782
2021-07-28,8080,123.333,65516.13000000003,4151,450743,11993,0.07696357226792007,412946777.15863687,0.0718495887191539,3411070.545828437,0.28985428907168037,0.8695652173913043,0.013014101057579322,2728041.174148061,24845108.19506463,105782.9132784959
2021-07-29,7280,110.044,61423.176,3904,411087,10913,0.08919128329297829,426135895.7530266,0.08247457627118648,3262962.122276029,1.7894951573849878,2.4836174334140435,0.015455205811138012,2825337.7845036318,24680702.653753027,119189.81355932204
2021-07-30,6384,69.0,55798.265000000014,5793,368052,11853,0.08094096385542172,451422224.86987954,0.07459156626506024,3707810.9578313255,0.0008120481927710844,0.0,0.014528915662650601,3049631.951807229,17122689.002409637,103361.23253012048
2021-07-31,5932,79.0,55389.825000000026,2979,329520,8739,0.06730169050715211,400082230.82184654,0.06090637191157345,4994922.412223667,2.694408322496749,1.3472041612483745,0.014667100130039013,4306789.102080625,20253200.20286086,146975.51300390117
2021-08-03,2450,35.263,21433.938000000002,4950,165510,7161,0.09323346828609988,509652153.8623482,0.0880499325236168,2698467.165991903,0.012408906882591093,0.04723346828609987,0.01758974358974359,2357469.248717949,12526595.497975709,55369.06383265857
2021-08-04,4868,93.479,47231.112000000016,6282,248444,10838,0.08444230769230773,394668734.3173077,0.07699158653846153,3049866.378605769,0.4485588942307693,1.4816105769230767,0.015272836538461535,2629269.5853365385,18965400.009615384,86449.73317307692
2021-08-05,4530,85.441,41415.62599999997,4446,223477,8762,0.06758273381294964,356233503.2589928,0.05908633093525182,3495654.2913669064,0.4670167865707434,0.9210239808153478,0.017207434052757792,2994737.8459232613,16065714.019184653,84917.90767386091
2021-08-06,2559,59.205,19254.968999999997,97,50289,2648,0.07901109741060418,411182122.4266338,0.06968680641183722,3686349.729963009,0.10403205918618989,0.17262638717632553,0.014759556103575834,3656262.300246609,11530875.131935881,26497.712083847102
2021-08-07,2011,59.0,14405.052999999993,77,38660,2079,0.07080456852791879,375440071.680203,0.06259517766497462,2640338.0812182743,0.0,0.0,0.016914974619289338,2622644.228045685,2107844.431472081,28440.629060913703
2021-08-08,1710,32.34,12134.091,92,33837,1792,0.07997927461139892,383855240.738342,0.06563471502590673,2601588.582901554,0.17925,0.5270077720207255,0.019417098445595853,2572000.111528497,3811913.357512953,25511.357642487048
2021-08-09,2756,86.36399999999999,22805.290000000026,109,35505,2858,0.06940147783251224,394427577.1502463,0.06096551724137926,2919636.447044335,6.147958128078819,1.3520197044334976,0.012242610837438422,2898495.7988916254,5991127.54679803,35820.015640394085
2021-08-10,2793,73.179,19863.711000000018,134,37901,2917,0.07706682577565636,445694503.022673,0.06828162291169451,2625799.494033413,0.45557517899761335,0.8563305489260143,0.01590453460620525,2584292.698448688,7369370.961813843,20069.259785202863
2021-08-11,2841,69.08,21952.94499999998,85,37961,2921,0.0704252733900365,382217542.56379104,0.05954191980558931,2899902.7120291614,2.897890643985419,1.1721300121506684,0.013755771567436214,2885111.54981774,6454333.317132442,21381.12332928311
2021-08-12,2616,73.16199999999999,20073.498,5,28742,2620,0.06785276073619627,406943664.9815951,0.06509079754601221,2454375.382822086,1.408280981595092,1.7833092024539876,0.003374233128834356,2454520.780368098,6891697.943558282,267.04294478527606
2021-08-13,2663,60.0,18708.568999999996,31,36883,2694,0.07149696233292832,392561695.3511543,0.06352612393681653,2674110.7995139733,0.0,0.0,0.0115771567436209,2669426.048602673,4022018.590522479,7620.625759416768
2021-08-14,3271,59.923,19492.82899999999,56,87371,3323,0.06750950570342208,398314078.63117874,0.0625551330798479,2611316.5817490495,0.403871989860583,0.8898441064638783,0.008727503168567805,2612078.971863118,7280642.063371357,16426.693029150825
2021-08-15,3441,48.489,20888.294,277,134258,3697,0.059082614056720155,353550927.5536375,0.05167940813810115,2533408.7916152896,0.20309987669543772,0.8139753390875463,0.01444143033292232,2505690.9667077684,9013324.372379778,44350.80061652281
2021-08-16,5630,117.25200000000001,41125.04000000001,3037,238463,8507,0.07904260355029588,413051030.08047336,0.06844733727810655,2791003.1668639053,4.181383431952662,2.1548792899408284,0.017088757396449713,2430913.0887573967,17143688.222485207,68707.03786982248
2021-08-17,6184,98.0,50221.92800000001,10738,298298,16311,0.08218509615384614,394579112.3557692,0.07195192307692316,3883478.360576923,0.0,0.0,0.015384615384615379,2591350.6915865387,17942384.89903846,111233.17716346154
2021-08-18,5819,102.702,60167.305000000015,17403,300680,22252,0.07476771196283385,372245965.3751452,0.06541579558652728,4718794.713124274,0.6398734030197445,0.3760499419279907,0.014088269454123111,2574703.281068525,17768219.224157955,175961.4854819977
2021-08-19,5339,111.784,57788.50500000001,24462,295604,28660,0.07432858837485168,439344477.9905101,0.0628125741399763,4449227.752075919,0.3044187425860024,0.7914827995255042,0.015564650059311983,2499740.4887307235,20792549.59905101,113047.83274021352
2021-08-20,5403,72.609,42893.181000000004,8036,269029,12997,0.081349932705249,399164899.0067295,0.07180753701211312,3178005.7738896366,0.7251668909825033,0.8885895020188425,0.018207267833109008,2308500.945222073,20680741.792732168,102992.10942126514
2021-08-21,4765,63.647,39392.403000000006,5082,252225,9636,0.08086835443037979,369567718.7443038,0.07234050632911396,3465825.111392405,0.45402025316455696,0.7012645569620254,0.017959493670886083,2517706.6620253166,17348303.86835443,100244.36354430381
2021-08-22,4306,52.0,49914.04699999996,11477,275402,15247,0.07080025445292615,397336702.37150127,0.06338295165394403,5169304.25826972,0.0,0.0,0.01717302798982188,3288416.6641221372,15407726.432569975,150247.80788804073
2021-08-23,4759,90.0,53671.60899999998,15959,289869,19963,0.08173696407879484,579449436.9594438,0.07447045191193519,5799288.964078795,0.0,0.0,0.011066048667439168,3918746.383545771,14078779.39281576,142973.65701042872
2021-08-24,6922,98.537,70406.18300000003,10910,356860,17265,0.0812573033707865,642261680.4404495,0.07447078651685403,6104479.571910112,0.265414606741573,1.0952808988764045,0.011140449438202242,4869379.148314606,16358040.341573033,134338.79213483146
2021-08-25,5852,104.483,55925.82599999999,7654,250075,13150,0.07865319865319866,673243338.2087542,0.07055218855218852,5968148.868686869,0.1950864197530864,0.15712682379349047,0.014523007856341186,5204400.869809203,13699280.695847362,92020.1290684624
2021-08-26,6434,126.0,57213.77100000001,4260,284430,10453,0.08104809843400446,691854517.736018,0.07499105145413872,6390592.763982103,0.0,0.0,0.013295302013422813,5716401.403243848,12127121.991051454,107514.73635346755
2021-08-27,6350,76.0,71886.551,15816,358173,21466,0.07377123442808607,782176688.398641,0.0676092865232164,8755494.419026047,0.5084937712344281,0.5084937712344281,0.01250509626274066,6896622.605889015,17837410.28765572,158727.81653454134
2021-08-28,6532,76.0,55103.71299999997,3752,322544,10109,0.06430348837209302,531473270.5488372,0.06020813953488376,5024991.972093023,0.0,0.0,0.014426744186046512,4560669.681976744,19312589.31627907,123406.49011627906
2021-08-29,6343,65.0,59290.77799999997,3054,352089,9287,0.05698890122086564,527276096.8679245,0.054059933407325164,5702926.446170921,0.0,0.0,0.01536514983351831,5461703.0277469475,11337379.156492786,106340.3629300777
2021-08-30,6895,81.0,76974.98000000001,2852,365634,9640,0.07062106406080347,990198297.834962,0.06761454940282302,10124900.533116179,0.0,0.0,0.011388707926167205,9858525.318132464,10898155.031487513,78749.08773072746
2021-08-31,5653,85.122,58111.600999999966,3243,271186,8739,0.07121820175438595,647086286.1337719,0.06735964912280706,8048470.66008772,0.014027412280701753,0.11513157894736842,0.012057017543859645,7423165.671052632,16824920.06140351,86692.99342105263
2021-09-01,4962,70.371,41038.40999999995,8800,213557,13384,0.08610292524377036,492052328.11700976,0.08034994582881917,6120588.133261105,0.5964767063921994,0.7806327193932828,0.013963163596966414,5082788.46695558,10779084.173347779,93439.52979414951
2021-09-02,5896,89.0,53156.92100000002,9921,278732,15344,0.07538901098901105,659845370.6065934,0.07013406593406601,7906122.879120879,0.0,0.0,0.012281318681318676,7001509.571758242,12547259.028571429,93143.07978021978
2021-09-03,6471,86.54,61191.88300000007,3044,303994,9385,0.06653634361233486,707012764.845815,0.06091519823788554,8052245.5561674,0.19116409691629957,0.35418502202643176,0.01594383259911894,7807230.291299559,16657700.466960352,70811.36068281939
2021-09-04,6983,83.625,57327.79599999999,1539,360076,8464,0.05556008820286659,516572851.99558985,0.051381477398015435,6506210.872105843,0.11321830209481808,0.18127232635060642,0.019373759647188536,6375416.8470782805,14020095.592061741,54643.288754134504
2021-09-05,5889,73.0,53247.905,3047,316913,8832,0.06371428571428575,604812737.1160715,0.06101897321428574,6062385.481026785,0.0,0.0,0.020093749999999997,5846075.146205357,16596953.25,95076.50189732143
2021-09-06,7044,78.511,68723.57599999997,3103,338635,9982,0.07113213530655395,866666712.4788584,0.06832346723044404,10028094.21807611,0.05668710359408034,0.1109936575052854,0.013784355179704017,9738216.114482028,13575250.342494715,86083.10253699789
2021-09-07,8883,75.0,66636.61500000005,2340,548578,11074,0.06981269510926119,661969277.8813735,0.06577731529656607,8637138.444328824,0.0,0.0,0.016434963579604576,8234865.050468262,16944050.106139436,92501.7726326743
2021-09-08,8923,76.249,68608.45799999997,1511,519840,10347,0.06605660377358492,587918132.081761,0.06406603773584908,6232853.843815514,0.021955974842767297,0.0880503144654088,0.010932914046121595,5984504.245283019,14533726.02096436,85423.6394129979
2021-09-09,8296,16.576,64941.264999999956,4429,450904,12512,0.07485623678646934,1169334554.9672306,0.07144186046511637,9743151.64693446,0.3537706131078224,0.2244186046511628,0.013384778012684988,9222576.712473573,9315721.145877378,93537.32251585623
2021-09-10,5821,9.702,55401.362,11568,324337,16935,0.08032719393282778,540623219.9024919,0.07525677139761651,6662709.031419285,0.5013759479956663,0.29460780065005415,0.012446370530877573,5651617.17063922,5360157.867822318,112663.69284940412
2021-09-11,6431,7.0,47247.200000000004,4108,347115,10377,0.07423783185840707,621927383.5862832,0.06957190265486732,5741167.307522124,0.0,0.0,0.015430309734513275,5007056.783185841,6026027.6283185845,124483.47234513274
2021-09-12,3997,8.0,33206.722,547,185188,4510,0.06644558991981671,424850502.39862543,0.06267468499427264,4716475.873997709,0.0,0.0,0.018476517754868277,4556088.689576174,4488381.360824742,77248.02371134021
2021-09-13,4086,13.0,27349.972999999976,725,178602,4764,0.08788439955106622,441859141.92031425,0.08531649831649832,3824546.429517396,0.5768799102132436,0.5768799102132436,0.011836139169472504,3679041.1826038156,1990712.6734006733,81698.68237934905
2021-09-14,5501,38.497,30123.107999999997,1503,324939,6912,0.10067966903073293,487246498.50236404,0.09664893617021285,3915772.192671395,0.25382860520094563,0.3404255319148936,0.011808510638297878,3615060.5088652484,5530315.1678487,98305.38829787234
2021-09-15,5769,28.511,36651.367000000006,2176,385667,7828,0.07874434389140278,495875468.7760181,0.07504524886877836,4769136.164027149,0.49166742081447967,0.96289592760181,0.010140271493212668,4101939.0995475114,6272220.0,119961.889479638
2021-09-16,5447,31.0,38445.35199999999,6836,363578,11961,0.08558542141230072,459888986.71981776,0.08021298405466976,4326654.165148064,0.0,0.0,0.01391799544419134,3313198.908314351,9733523.772209568,145846.24544419136
2021-09-17,5697,45.333,73953.7,15570,440713,20568,0.09070011148272017,656354684.2296544,0.08507692307692322,6817617.11928651,0.2140468227424749,0.6421404682274248,0.011114827201783724,4856206.858416946,13792069.172798216,178611.4503901895
2021-09-18,4960,24.723000000000003,59491.790999999976,3747,312853,8528,0.08857582668187007,661493790.700114,0.08546066134549603,6257176.405929305,1.4314663625997717,2.419612314709236,0.012717217787913343,5583954.144811858,8553231.204104902,171466.5290763968
2021-09-19,4719,29.0,53278.88800000001,495,308651,5179,0.08372325581395355,818523116.0348837,0.0819255813953489,7298899.055813953,0.0,0.0,0.014780232558139539,7132413.701744186,8439183.813953489,77111.75720930233
2021-09-20,5032,49.151,53552.94299999999,1050,232914,5999,0.08939546858908352,658269773.5818744,0.08730381050463444,6247272.155509784,0.08297940267765191,0.07209062821833162,0.008833161688980434,5977013.6673532445,11094865.182286303,137708.5
2021-09-21,5223,69.0,52247.114,1016,255750,6177,0.08975186368477095,489207168.72097975,0.08692225772097972,4998404.433439829,0.0,0.0,0.01082534611288605,4751042.627263046,12434442.615548456,118343.6190628328
2021-09-22,3190,53.273,27452.735999999994,1389,94209,4505,0.08805157593123218,484622782.6131805,0.08174403056351487,5026398.936962751,0.12597612225405921,0.24259789875835722,0.011848137535816617,4533329.916905444,4453506.490926457,54426.458834765996
2021-09-23,3396,50.242,26551.359000000015,2527,95179,5789,0.08204115996258186,489275320.463985,0.07352291861552859,4856287.856875584,0.14912347988774557,0.37043966323666977,0.010590271281571558,4181479.9045837233,2054831.1506080448,96299.92048643592
2021-09-24,3963,23.453,31673.66500000002,3566,141350,7326,0.07920055452865071,464569390.8170056,0.07326894639556386,5141103.984288355,0.10851293900184843,0.23937153419593346,0.008660813308687615,4254353.030036968,2449903.866913124,111274.70101663585
2021-09-25,3385,22.0,27719.814,1880,125511,5165,0.0689379178605541,454827251.38204396,0.0616800382043935,4642230.0114613185,0.0,0.0,0.01012225405921681,4217649.801528175,1727245.4632282713,77917.43018147087
2021-09-26,2538,25.0,22847.29500000002,1186,103992,3641,0.07372727272727277,431357315.1363636,0.06664393939393941,4742158.2727272725,0.0,0.0,0.010684659090909087,4412034.152746213,2669169.492424242,92329.27869318181
2021-09-27,6253,47.0,39464.56100000002,3556,276084,9584,0.08563416815742404,584865092.3801432,0.07957513416815748,5377223.0518783545,0.0,0.0,0.008696779964221824,4805520.715563506,3766221.8676207513,82095.50357781754
2021-09-28,5085,38.0,29954.623,4282,241020,9099,0.07471851851851852,372968782.9851852,0.06807685185185187,3428993.4509259257,0.0,0.0,0.009035185185185184,2581359.6553703705,5521505.344444444,95976.49148148148
2021-09-29,4025,68.404,26656.763999999996,3673,192554,7432,0.10753033980582516,377312991.9563107,0.10055218446601939,2783803.655339806,0.12640533980582525,0.3131067961165049,0.010104368932038834,1821182.495145631,7062674.485436893,133472.29126213593
2021-09-30,4159,47.0,28793.32399999999,4392,286462,8205,0.10179284833538844,414307963.1245376,0.09521578298397047,3265085.401972873,0.0,0.0,0.009012330456226882,1993384.7916152899,8546715.403205918,166539.08631319358
2021-10-01,5695,39.245999999999995,32359.469999999998,9039,611881,14309,0.09787703889585943,433531906.8607277,0.08798117942283559,3634879.0112923463,0.14812421580928484,0.6022584692597239,0.013010037641154331,1880767.0539523212,16009012.406524466,128816.9008782936
2021-10-02,5938,18.0,28145.13399999999,5882,661316,11557,0.07639493670886074,364890688.06329113,0.06762278481012658,3048058.02278481,0.0,0.0,0.014510126582278477,1673888.5044303797,10080119.989873419,169134.92088607594
2021-10-03,7009,20.404,28260.964999999986,4126,749917,10843,0.0765141025641025,333947416.35897434,0.07051923076923085,2725554.86025641,0.05441794871794872,0.1346153846153846,0.012679487179487175,1541817.2397435897,7124484.523076923,159347.96025641027
2021-10-04,11782,28.139999999999997,61028.918000000005,12981,1594453,23901,0.09539041916167668,371861491.9964072,0.08994491017964075,4131546.650299401,0.8821221556886227,0.8101137724550898,0.009395209580838325,1837826.1724550899,15590775.326946108,198772.03113772455
2021-10-05,4885,47.355,32971.60800000002,5637,436185,10112,0.0827475369458128,359440021.05172414,0.07692733990147792,3932655.040640394,1.700332512315271,1.0679027093596059,0.008801724137931032,1823134.2364532019,4674867.098522168,238301.0406403941
2021-10-06,5180,57.0,16652.87199999999,186,476478,5341,0.09123220973782771,365972475.96878904,0.07954307116104872,1660797.4365792759,0.0,0.0,0.014539325842696628,1672277.168289638,4820462.421972535,33418.8240948814
2021-10-07,6168,42.12,14940.131999999998,97,624657,6256,0.09064000000000001,384619090.64551723,0.08602344827586209,1412820.5131034483,0.3553931034482759,0.31721793103448276,0.004918620689655173,1422021.6593103448,1780760.4248275862,32178.59448275862
2021-10-08,5164,48.467999999999996,13753.105000000003,98,534738,5258,0.16952671755725188,561554610.70229,0.14275190839694654,1911379.5305343512,0.24430152671755728,1.0419847328244274,0.02712977099236641,1894739.8988549619,8543978.183206107,21879.452290076337
2021-10-09,4613,39.0,13645.848000000002,596,496567,5157,0.16286311787072247,689668493.4524715,0.13354752851711024,2515315.8707224336,0.0,0.0,0.03174904942965779,2382799.0703422055,7614617.300380228,145165.73954372623
2021-10-10,5239,29.0,20293.888,5224,629490,9983,0.12007692307692315,456243384.52014655,0.0940805860805861,3878362.7838827837,0.0,0.0,0.02897802197802198,2222854.4249084247,34032743.48717949,230651.57142857142
2021-10-11,10025,117.0,114347.10900000005,34138,1211877,41892,0.1240799031476998,581355203.9515738,0.09187167070217928,14018275.246973366,2.6292251815980627,2.62953995157385,0.04850363196125908,2813475.031476998,73972985.094431,1041303.9878934624
2021-10-12,9921,111.76400000000001,115899.29800000005,27044,1032729,34887,0.11482619647355172,540125663.7682619,0.0888438287153654,11035133.617128463,0.323360201511335,0.42317380352644834,0.047256926952141065,3053058.4130982365,108830024.22166246,1089411.1813602014
2021-10-13,9118,118.12700000000001,112639.72100000005,34128,910250,40586,0.13391066997518616,489958112.9528536,0.09420347394540951,10489757.4044665,1.47763523573201,0.6947890818858561,0.06052357320099256,2663454.5223325063,108174885.09181142,721608.8449131513
2021-10-14,9841,100.769,96617.91200000001,40386,1218586,48414,0.11634889434889426,486173212.9385749,0.08123587223587228,10060884.656019656,0.31746437346437345,0.41277641277641275,0.042508599508599504,2992740.4496314498,98251474.44717444,747095.194103194
2021-10-15,10312,118.133,103451.32800000001,34056,1094079,42658,0.10939018087855289,604854704.8940568,0.08781395348837209,8190582.043927649,0.06725839793281654,1.1870801033591731,0.02441602067183462,3393368.881653747,148915660.0620155,486187.1891472868
2021-10-16,8039,57.0,87548.205,26083,879057,32786,0.10675833333333326,662671413.3555555,0.08696111111111117,7298607.358333333,0.0,0.0,0.024677777777777785,3524797.1277777776,112560091.48888889,534596.8305555555
2021-10-17,7988,47.242000000000004,64895.30300000001,14605,877186,21821,0.07802956989247307,506908611.6666667,0.062163978494623635,6887907.354838709,0.27656182795698925,1.1431102150537635,0.025932795698924736,3829304.4516129033,64782217.49462365,487485.21774193546
2021-10-18,10322,74.0,92202.45300000002,23100,1089547,32193,0.09474094707520891,598911715.6935933,0.08093593314763232,8348688.844011142,0.0,0.0,0.023629526462395543,3930308.384401114,92644663.1977716,616713.713091922
2021-10-19,11060,113.5,98114.149,24794,1143921,34295,0.10845833333333335,725634496.2805556,0.0931972222222223,8594996.241666667,0.09722222222222222,0.19444444444444445,0.023866666666666658,3884495.6194444443,75193021.55555555,536018.2916666666
2021-10-20,11694,64.22800000000001,61228.72000000001,11552,1183663,22468,0.0950378378378379,533418443.23783785,0.07787297297297299,6856562.15945946,2.9889216216216217,5.511891891891892,0.029008108108108114,3448508.2297297297,30483141.686486486,386388.8945945946
2021-10-21,5630,64.914,31602.079,2717,408009,8158,0.09048115942028986,583784549.2634783,0.0779826086956522,5496167.736231884,6.06563768115942,19.683408695652172,0.01640289855072464,3467636.3391304347,20271141.27536232,443773.58260869567
2021-10-22,6131,141.833,45079.93600000002,5928,402373,11634,0.1021849865951742,653350294.2788204,0.08846380697050939,6715109.946380697,0.21000804289544237,0.2520107238605898,0.0176970509383378,3723494.0777479894,24587474.76675603,535953.7587131368
2021-10-23,4786,42.083999999999996,23459.62000000001,2532,266537,7133,0.10141538461538466,573691400.1046153,0.08879999999999998,6140742.113846154,0.5478707692307692,13.12,0.01838153846153846,3263803.704615385,37235439.31076923,419705.90461538464
2021-10-24,5309,30.724,24969.63500000001,3277,377823,8291,0.08812536443148687,555410799.7959183,0.07681924198250727,6027550.816326531,0.22161807580174928,0.30612244897959184,0.023253644314868805,3500138.2915451895,21198474.915451895,520721.79591836734
2021-10-25,6728,94.693,49925.13799999999,6881,455877,13097,0.09459178082191784,733855440.1808219,0.08045205479452057,8578949.652054794,0.9668191780821918,1.3943397260273973,0.022073972602739723,4741747.716438356,50102969.019178085,475349.3328767123
2021-10-26,6088,51.0,30570.43800000001,2061,396314,7995,0.09780397727272729,709375044.7670455,0.08416761363636366,6710217.636363637,0.0,0.0,0.018247159090909085,3973968.112215909,10027031.159090908,407142.265625
2021-10-27,6821,67.0,27181.427,1335,476480,8060,0.08361095890410963,559708539.1013699,0.07000273972602743,5237239.756164383,0.0,0.0,0.022841095890410952,3576401.142191781,14072495.561643835,377477.55589041096
2021-10-28,6068,50.5,24659.104,1980,432633,7906,0.09292668621700881,617718576.8328446,0.0769677419354839,5467056.5513196485,0.4504398826979472,0.9008797653958944,0.020475073313782996,3762263.866568915,14414060.609970674,499587.55278592376
2021-10-29,6333,40.0,27016.153,2557,456003,8738,0.0930000000000001,499076547.3041096,0.07606575342465755,5208925.452054795,0.0,0.0,0.024613698630136977,3002034.098630137,12209663.210958904,287448.0109589041
2021-10-30,5608,33.51,22700.053000000004,728,424084,6279,0.09383381924198253,637208211.9591837,0.076131195335277,5262384.962099126,0.40642565597667635,1.5588921282798835,0.027087463556851318,3729666.3469387754,12734832.559766764,370381.1224489796
2021-10-31,4706,25.824,13783.358999999999,771,343683,5410,0.07284883720930235,465206862.1540698,0.061322674418604645,4756673.5058139535,0.9198517441860466,1.1163924418604652,0.024156976744186046,3434030.479651163,7511657.023255814,267452.7543604651
2021-11-01,5768,55.342000000000006,25554.012000000002,4126,409649,9629,0.09365373134328354,541548186.9791045,0.07342089552238808,5607551.232835821,0.24829552238805971,1.4346268656716419,0.02694029850746269,3249175.1620895523,16593294.686567165,350619.3531343283
2021-11-02,7082,40.456,26505.341000000004,3402,602557,10284,0.10368767123287685,551383844.5068493,0.08719452054794519,5433944.419178083,1.9086054794520546,6.16986301369863,0.023161643835616436,3566028.1706849313,16898698.34520548,265256.28849315067
2021-11-03,7782,41.0,31676.951000000015,4133,598561,11696,0.10389333333333345,436950895.3973333,0.0824373333333334,5644417.658666667,0.0,0.0,0.036463999999999996,3423278.4861333333,15219191.216,339666.1608
2021-11-04,7422,33.007999999999996,32895.549,1547,500051,8877,0.11564705882352942,400365954.37967914,0.10158288770053489,5675589.398395722,0.009441176470588236,1.1551871657754011,0.022336898395721932,3395373.590909091,37024943.9144385,342079.7727272727
2021-11-05,7349,45.422,23705.34999999998,1076,526347,8370,0.1015160427807486,394034668.3957219,0.08477272727272726,4541353.315508021,0.2438368983957219,0.5775401069518716,0.028040106951871657,3057742.0695187165,6042469.743315508,340465.44919786096
2021-11-06,5997,31.476,26024.893999999993,561,367861,6514,0.09156534090909094,323537201.82954544,0.08011079545454548,4261984.659090909,0.3155909090909091,0.6627272727272727,0.030576704545454546,3544021.541761364,25401044.795454547,290755.0502840909
2021-11-07,5599,22.0,15089.379999999988,574,384069,6125,0.11244144144144154,318371231.2912913,0.0946816816816817,4008237.5135135134,0.0,0.0,0.028582582582582585,2794047.6636636634,21390614.45045045,312713.2057057057
2021-11-08,4087,64.524,23626.05699999999,1900,141590,5852,0.11155163043478271,380175376.4347826,0.09683695652173918,5358915.451086956,8.458779891304347,5.90875,0.02289130434782608,2801189.434782609,11733573.0,415100.79891304346
2021-11-09,4279,89.73400000000001,33238.96800000001,2252,123658,6367,0.11213,582657881.22,0.09919749999999997,6106152.12475,18.425115,8.5990075,0.02328000000000001,4002762.73975,23748780.7225,318835.435
2021-11-10,3553,75.66199999999999,24318.907000000007,2731,76748,6075,0.12815174129353232,470330776.4676617,0.11190298507462683,5794307.731343283,28.603815920398016,14.5845,0.021126865671641792,2783041.878109453,18455495.950248756,430585.29850746266
2021-11-11,4346,124.046,44416.284999999974,7625,135261,10961,0.1042744186046512,467693086.6232558,0.08546744186046515,6792784.211627907,52.41506511627907,12.907625581395349,0.02726279069767442,3547945.81627907,20955643.381395347,529745.5534883721
2021-11-12,5563,228.82600000000002,74042.49099999997,13898,173249,17554,0.13907619047619044,670246268.5190476,0.11975238095238093,6297485.845238095,43.73653809523809,14.797859523809523,0.023073809523809524,3662836.9261904764,74876485.50952381,608168.4380952381
2021-11-13,6586,222.453,91048.19399999997,20126,273370,24466,0.1402692307692306,680320063.0410256,0.1186461538461539,6241662.858974359,30.188889743589748,5.125161538461538,0.027641025641025625,3188096.1333333333,59011143.364102565,618667.0025641025
2021-11-14,10062,194.94099999999997,119017.77099999998,23717,379037,31310,0.1173844221105528,614327202.19598,0.09957035175879396,6919972.997487437,30.41911055276382,6.0205628140703515,0.02778391959798995,4351591.801507537,80679470.02512562,475300.0
2021-11-15,10895,229.978,131851.198,26547,388890,34495,0.10743908045977019,698716003.9448276,0.08775632183908053,6982220.043678161,44.714565517241375,11.263066666666667,0.028443678160919535,3821317.216091954,67910092.96551724,476264.9379310345
2021-11-16,11980,306.033,147426.02100000004,32425,481320,39838,0.12458390804597695,772026155.5172414,0.10111494252873571,7122981.910344828,58.17591034482758,9.496289655172415,0.03189425287356322,4493273.052873563,70456273.33333333,507549.5011494253
2021-11-17,11765,264.024,170850.439,53676,637500,59442,0.09419036697247711,519665765.21330273,0.07347018348623857,7700600.550458715,30.770887614678898,4.46552752293578,0.02724311926605505,4146784.910550459,53780125.633027524,346822.77752293576
2021-11-18,10476,237.24,165889.52099999998,41070,603214,47014,0.08073287671232869,567887394.4885845,0.06212557077625564,8255835.0,29.911988584474887,11.048408675799086,0.02571232876712328,4949492.9965753425,68189047.36986302,383793.51712328766
2021-11-19,8217,217.0,127584.876,32547,484211,37269,0.09859259259259268,549228048.0714285,0.08016402116402119,8053496.05026455,4.135185185185185,0.12162433862433862,0.02575396825396825,4625944.1878306875,59181793.62962963,571708.2751322752
2021-11-20,1964,43.552,19419.92199999999,0,15935,1964,0.1111238938053098,781790804.3362832,0.1111238938053098,4737874.867256637,0.5426592920353982,3.21858407079646,0.0,4737874.867256637,35494729.876106195,0.0
2021-11-21,1589,28.0,15875.207000000002,0,15106,1589,0.10304524886877829,688091775.0226245,0.10304524886877829,4619716.289592761,0.007990950226244345,0.0,0.0,4619716.289592761,17064724.054298643,0.0
2021-11-22,3010,56.348,24747.314,0,23573,3010,0.11095161290322585,626130206.3548387,0.11095161290322585,4268376.193548387,0.32791935483870965,0.9411290322580645,0.0,4268376.193548387,31197838.01612903,0.0
2021-11-23,3107,70.102,24769.99000000001,0,24459,3107,0.11118181818181815,626538207.5497836,0.11118181818181815,4178459.554112554,0.0933982683982684,2.1307359307359306,0.0,4178459.554112554,33367457.66233766,0.0
2021-11-24,3095,64.043,23766.15200000001,0,23480,3095,0.11992735042735041,608100980.4529915,0.11992735042735041,4027988.217948718,0.08417521367521368,1.9487179487179487,0.0,4027988.217948718,30080953.162393164,0.0
2021-11-25,2760,65.356,21811.711000000003,0,20789,2760,0.11571129707112972,599104747.6317992,0.11571129707112972,3938166.2343096235,1.7141715481171549,2.2016192468619247,0.0,3938166.2343096235,24426460.51882845,0.0
2021-11-26,2633,63.0,24902.103000000006,0,20147,2633,0.1214599156118144,704554767.8312236,0.1214599156118144,3867403.0379746836,0.0,0.0,0.0,3867403.0379746836,22209025.316455696,0.0
2021-11-27,1923,48.0,15923.64999999999,0,16618,1923,0.10679372197309421,714407148.0448431,0.10679372197309421,3925724.0941704037,0.0,0.0,0.0,3925724.0941704037,14168673.95515695,0.0
2021-11-28,1556,43.746,13019.535000000002,0,14670,1556,0.09427555555555553,613442593.3866667,0.09427555555555553,4065193.6,0.4673866666666667,2.567111111111111,0.0,4065193.6,18672933.724444445,0.0
2021-11-29,2767,73.0,25356.484000000008,0,19706,2767,0.13416170212765957,841523682.6553191,0.13416170212765957,4753223.276595744,0.0,0.0,0.0,4753223.276595744,24569632.680851065,0.0
2021-11-30,3339,148.0,23003.885999999984,0,20279,3339,0.13038016528925622,622379254.016529,0.13038016528925622,3527672.6363636362,0.0,0.0,0.0,3527672.6363636362,15475948.67768595,0.0
2021-12-01,3148,108.02300000000001,22848.77800000001,723,33234,3802,0.12819186046511627,593732953.1860465,0.12191860465116276,4221626.726744186,16.73535465116279,8.401988372093024,0.00763372093023256,3413684.485174419,13304987.325581396,223645.8659883721
2021-12-02,4053,98.04800000000002,43853.193,7322,141137,10693,0.11682234957020056,687796574.5673352,0.11039255014326647,6463719.979942693,34.63392836676218,19.29984240687679,0.007773638968481377,4038483.8452722062,33409564.945558738,223862.59025787967
2021-12-03,6105,81.839,116284.83099999995,36322,404617,39788,0.09221881390593048,515025123.6564417,0.06912269938650314,11472321.957055215,12.700973415132925,8.340584867075664,0.027695296523517373,4416810.5071574645,59069866.265848674,757485.1983640082
2021-12-04,5883,60.994,84304.82299999999,30136,301875,33202,0.10065116279069766,586467957.0486258,0.082139534883721,9292476.809725158,12.211543340380551,9.279065539112052,0.02325792811839322,4364051.246300211,29754917.96194503,611458.9143763214
2021-12-05,4791,69.679,71001.76300000002,24316,228225,26954,0.08864118895966036,546464730.6496816,0.06869426751592363,9132517.851380043,19.91088535031847,6.122558386411891,0.028169851380042462,4160600.4458598727,148513644.11464968,724688.5392781317
2021-12-06,4640,96.729,47090.722,4246,135473,8440,0.09316411378555801,628375102.7308534,0.07054048140043756,6685899.512035011,36.66859737417943,14.567422319474833,0.02950765864332603,4499780.963894967,28280304.463894967,314592.2943107221
2021-12-07,5386,111.078,50905.21599999999,1853,153486,7058,0.10475215517241374,609198982.8189656,0.08104741379310351,5413948.2284482755,29.13966379310345,9.47973922413793,0.04087068965517239,4166875.0726293107,22262428.29310345,298720.8290948276
2021-12-08,4155,90.611,42568.51799999999,1332,87305,5356,0.11641797752808981,987688990.8584269,0.08977528089887642,4801494.224719102,20.338534831460677,5.368766292134831,0.033305617977528075,4021159.684044944,23998476.503370788,448593.04359550565
2021-12-09,5093,152.344,54349.298000000046,2852,105598,7686,0.1346562500000001,995271015.9,0.11027291666666673,7126468.991666666,18.00017708333333,9.4444375,0.0354875,5247333.625,18492127.25,395061.13333333336
2021-12-10,12037,95.297,118205.08499999999,5043,522053,16627,0.10300436681222708,812057608.8034935,0.07974017467248912,8318713.515283843,9.07096288209607,6.027572052401747,0.0343122270742358,5677694.661572052,130583269.59825328,417781.7816593886
2021-12-11,9233,85.339,112899.01099999997,7534,424788,16165,0.11310606060606064,1136472858.6818182,0.08942424242424249,9439471.626262626,14.416795454545452,4.951267676767677,0.032202020202020204,5855728.78030303,58688029.94949495,415694.8787878788
2021-12-12,9175,64.59700000000001,94844.687,2327,417478,11286,0.09855470737913485,1233458032.5903308,0.0776157760814249,9135149.424936388,12.407402035623408,8.674445292620865,0.02685241730279898,6504560.826972011,88886917.23155217,420589.63867684477
2021-12-13,4758,71.56,77303.12199999997,7040,175823,11229,0.10945774647887327,1441056193.4788733,0.08597417840375587,10620923.772300469,7.511927230046949,6.471138497652582,0.025877934272300476,7221748.197183099,40138039.4741784,433356.0469483568
2021-12-14,6466,55.582,99212.62200000003,6610,263315,12523,0.12000945626477541,2041165516.4822695,0.0991867612293144,12938601.101654846,10.648936170212766,5.923836879432624,0.024130023640661954,9586977.24822695,66866351.84869976,348183.1725768322
2021-12-15,4957,94.15599999999999,102757.0290000001,12439,234596,16261,0.10319385342789589,2051352538.926714,0.07999999999999996,14131449.555555556,25.68580614657211,6.063267139479906,0.02581087470449172,9878326.685579196,58738432.945626475,341871.8557919622
2021-12-16,5238,92.194,105972.863,11687,249657,15837,0.11297163120567366,2938418874.6855793,0.09163593380614654,14340509.293144207,12.620510638297874,6.403208037825059,0.02370685579196218,11395231.011820331,59244100.91725768,379571.536643026
2021-12-17,4478,66.09200000000001,87348.30900000004,4363,202906,8467,0.09787096774193553,2192084282.359447,0.07980875576036871,11539768.548387097,8.727027649769585,4.915682027649769,0.019801843317972353,9340672.979262672,44319435.35483871,390356.34562211984
2021-12-18,3649,65.438,65562.4940000001,1654,137642,5163,0.10095907928388742,1887583806.1994884,0.07781329923273658,10929028.19948849,20.299043478260867,9.847570332480819,0.024647058823529407,9563767.606905371,27151673.62404092,389778.4739130435
2021-12-19,3998,36.555,71548.63900000002,1216,163508,5106,0.11103282828282834,2009325187.7323232,0.0855277777777778,10726626.926767677,11.117222222222223,2.931070707070707,0.028431818181818173,10463391.575757576,85440235.13131313,291038.00757575757
2021-12-20,3861,66.5,132602.81099999993,1405,122606,5142,0.11111294117647062,4765722968.214118,0.08952000000000004,20471797.851764705,2.9595294117647057,3.7501176470588233,0.024559999999999988,20236694.18,80897397.03529412,201296.33529411766
2021-12-21,3601,51.902,102646.86600000002,2139,109910,5567,0.11478922716627629,2051183990.6932085,0.08771896955503508,13598299.152224824,6.4049133489461365,6.346508196721311,0.029409836065573784,13254874.402810305,60805775.7470726,175913.6393442623
2021-12-22,3492,54.0,94776.68299999996,1585,102316,4939,0.11171358024691357,2824108654.424691,0.08969382716049379,16807634.567901235,4.383456790123456,3.4053086419753087,0.024296296296296302,16128814.058271606,93914549.254321,225496.75456790123
2021-12-23,2546,37.871,67440.87699999996,1605,71469,4039,0.08764439140811457,1254204515.8902147,0.06677804295942724,12032813.69451074,1.5875441527446301,1.6964200477326967,0.0229928400954654,10847827.803818617,47346143.866348445,226997.07112171836
2021-12-24,2407,18.0,48938.112,4028,108822,6107,0.10007616707616715,1355422538.3538084,0.06566830466830467,12693478.584766585,1.314004914004914,1.314004914004914,0.03678132678132676,11343358.15970516,11197064.137592137,317836.8820638821
2021-12-25,1922,13.0,37158.312999999995,3226,102644,4885,0.09513066666666668,1234003933.0293334,0.06438666666666665,16148554.898666667,0.0,0.0,0.032776,15036333.842666667,28242119.978666667,233124.336
2021-12-26,1680,12.0,51011.34700000002,3513,65135,4925,0.101093085106383,1307529163.0744681,0.06960106382978722,13092143.319148935,0.0,0.0,0.032768617021276585,12413017.965957446,22946453.776595745,234012.77978723406
2021-12-27,3833,58.616,29752.39000000001,5311,126647,8587,0.13613834951456313,437221517.38349515,0.11560922330097083,4476799.903883495,6.064118932038835,5.78542718446602,0.02214320388349515,3314171.1781553403,17592614.733009707,327829.76941747573
2021-12-28,3842,45.199,28641.67499999999,3620,110404,7146,0.1335181598062953,452024764.1694915,0.1107384987893463,4785473.78692494,2.1484818401937047,2.8661016949152542,0.026646489104116215,2693765.818401937,12937353.414043583,321089.14043583535
2021-12-29,3867,76.815,30407.422999999984,4321,118359,7825,0.11625862068965526,409569799.7389163,0.09276847290640393,6357136.084482759,4.18648275862069,3.3071182266009855,0.025128078817733976,3497592.2593596056,7788008.068965517,445623.48768472904
2021-12-30,3380,61.870999999999995,25419.501999999997,2449,92807,5644,0.13005472636815923,481355319.8905473,0.10671393034825874,3869320.2910447763,4.026606965174129,3.5556592039800994,0.025121890547263676,3003766.5049751243,8501219.31840796,331835.1144278607
2021-12-31,2153,24.564,17018.390999999992,1733,77718,3778,0.09712044817927176,358096181.42296916,0.07820168067226893,4932193.2969187675,0.24017647058823527,0.4257703081232493,0.02069187675070028,3203518.473389356,7649803.9215686275,375939.2100840336
2022-01-01,2089,11.0,17098.251,2100,102736,4074,0.08145058139534889,292570385.04651165,0.05325872093023255,5228926.194767442,1.8837209302325582,1.8837209302325582,0.03099709302325582,3402931.2340116277,20336994.48837209,287498.7340116279
2022-01-02,2521,23.842,20099.33299999999,1351,108715,3772,0.09023699421965327,383844637.4104046,0.0674017341040463,5506916.407514451,1.1390867052023121,1.1965317919075145,0.025748554913294804,4734449.815028902,21444042.132947978,311683.75722543354
2022-01-03,2333,41.0,19650.125,1329,51437,3550,0.1311292875989446,624544470.3957784,0.10472823218997371,5347310.841688654,0.9630606860158312,0.9630606860158312,0.030868073878627965,4146269.7984168865,9783300.770448549,334460.5556728232
2022-01-04,1942,29.0,12803.447000000002,312,22334,2239,0.11940672782874626,525349000.0703364,0.09288685015290521,3493593.1987767583,0.0,0.0,0.028501529051987762,3368809.4617737,6901867.021406728,275072.40978593274
