,date,clicks_ads,conversions_ads,cost_micros_ads,engagements_ads,impressions_ads,interactions_ads,interaction_rate_ads,average_cpm_ads,ctr_ads,average_cpc_ads,conversions_value_ads,value_per_conversion_ads,engagement_rate_ads,average_cost_ads,cost_per_conversion_ads,average_cpe_ads,transactions_anal,transactionRevenue_anal,sessions_anal,impressions_anal,adClicks_anal,adCost_anal
0,2021-05-01,1223,9.0,3241.141,1368,38815,2472,0.1589718309859154,1048870402.6901408,0.1307535211267605,2812299.9929577466,0.0,0.0,0.0469718309859154,2072698.7605633803,5487887.3239436615,118550.2676056338,132,52884.2,9964,111716,3121,9943.2
1,2021-05-02,1086,9.0,2274.9060000000004,746,49344,1764,0.1263986486486486,320569615.4662162,0.1001283783783783,1746843.3445945946,0.0,0.0,0.0546013513513513,1313195.3966216214,4802804.0,89057.91351351351,144,45234.5,8178,123259,3564,9035.47
2,2021-05-03,1844,49.0,6664.663999999995,1459,35897,3172,0.1491812080536912,495605717.0067114,0.1342617449664429,2047367.9899328856,0.0,0.0,0.0247248322147651,1667096.9412751675,4862423.181208054,59050.33859060402,382,130117.2,10448,119602,4537,14510.819999999998
3,2021-05-04,2625,51.0,10235.172999999995,983,66162,3520,0.1225417789757412,454630077.78975743,0.1112587601078166,2281864.061994609,0.0,0.0,0.0164986522911051,2117559.1913746637,5621681.380053909,44188.83423180593,322,125646.9,11116,152630,5333,19030.23
4,2021-05-05,2246,38.0,9917.544999999998,648,21336,2834,0.1529093198992444,564738984.9672544,0.1398790931989924,2424192.007556675,0.0,0.0,0.0184256926952141,2244019.833753149,7304683.299748111,59834.62216624685,307,95245.8,10386,102489,5321,18783.02
5,2021-05-06,2269,48.0,10823.820999999998,587,20136,2813,0.1333597883597884,568979840.8465608,0.1224365079365079,2627208.092592593,0.0,0.0,0.0164153439153439,2443619.947619048,6072058.243386244,29228.631746031748,323,111209.80000000002,10338,98067,4944,18827.9
6,2021-05-07,1947,45.0,10200.254000000004,1772,24938,3593,0.1327533875338753,662263082.6205962,0.120850948509485,2910856.8184281844,0.0,0.0,0.0172845528455284,2626010.0894308942,8412639.479674798,47103.07046070461,219,79669.5,9002,104453,4045,17258.100000000002
7,2021-05-08,1406,29.0,6957.861999999995,809,14135,2163,0.1405688073394495,715004186.1039755,0.1214342507645259,2320821.03058104,0.0,0.0,0.0292293577981651,2203049.922324159,6155330.226299694,48814.51987767585,110,38149.8,7048,87969,3328,14193.35
8,2021-05-09,1228,26.0,4288.357000000002,1328,24412,2432,0.1229299999999999,457739485.04,0.1081466666666666,1889289.9166666667,0.0,0.0,0.0328366666666666,1663693.6893333334,4825627.866666666,70376.21866666667,127,41241.29999999999,6193,94479,2928,10150.589999999998
9,2021-05-10,1889,32.0,7664.016000000003,1457,29483,3197,0.1328414239482201,614238260.1488674,0.1247346278317153,2230841.297734628,0.0,0.0,0.0269352750809061,2127784.4223300973,7111637.618122977,38617.00323624595,269,87451.34999999998,8060,95503,3712,14038.44
10,2021-05-11,2687,52.0,11012.574999999995,2711,46768,5123,0.1354686567164179,502445946.5791045,0.1254597014925372,2089018.4656716415,0.0,0.0,0.0208238805970149,1899564.671641791,6568612.011940299,71850.14328358209,304,95225.6,8604,122008,5119,19118.15
11,2021-05-12,2043,65.0,8978.177999999994,1269,21039,3174,0.1309181286549708,530277925.2923977,0.1177426900584795,2291033.730994152,0.0,0.0,0.0195204678362573,2011705.346491228,6434057.263157895,40342.8230994152,313,110466.65999999996,8294,107538,4495,17221.120000000003
12,2021-05-13,1929,52.0,8582.832,487,17041,2373,0.125116991643454,662076549.7381616,0.1129749303621169,2421918.398328691,0.0,0.0,0.0222952646239554,2128424.7103064065,6101969.805013928,37970.35988857938,320,111258.18000000002,11960,1023123,11894,43585.3
13,2021-05-14,2170,50.0,11345.862000000005,7115,60917,8855,0.1467829614604463,404173796.7991886,0.1059087221095334,2373050.918864097,0.0,0.0,0.0493448275862068,1686837.6616632862,5578865.54969574,80710.82880324546,235,85919.20000000001,30604,3677807,41907,61054.40999999996
14,2021-05-15,4225,34.0,36322.07999999999,16823,191105,20159,0.1222733188720173,636998986.7201735,0.0885249457700651,4987865.687635575,0.0,0.0,0.0529110629067244,2201365.6913232105,19900348.980477225,273504.9885032538,123,40280.0,24148,1889442,27576,63232.69999999999
15,2021-05-16,4259,26.0,22458.029,3788,85973,7820,0.1150347222222222,458409029.5416667,0.0980972222222223,3382591.421296296,0.0,0.0,0.0509583333333333,2212714.2766203703,11491090.148148147,130779.30787037036,143,46728.8,24640,1666417,27651,49043.98
16,2021-05-17,29820,64.0,58487.60599999999,408,1855325,30211,0.1367136563876652,685350945.3303965,0.1366475770925111,2336704.5528634363,0.0,0.0,0.0348414096916299,2329779.605726872,44216719.40088106,19215.640969163,370,119979.37999999998,44375,4762330,62368,115370.77999999998
17,2021-05-18,20198,84.0,52452.03099999996,71,997474,20268,0.1292305986696232,531512336.2217295,0.1291596452328162,2329947.2793791573,0.0,0.0,0.0191529933481153,2328083.401330377,30593986.385809317,6761.8926829268285,371,108289.98000000004,57846,6174983,73618,164362.80999999994
18,2021-05-19,23106,66.0,45532.979,640,1125394,23697,0.1364388489208633,566749095.7553957,0.134453237410072,2256043.0575539568,0.0,0.0,0.0242278177458033,2174024.333333333,18715387.94244604,40064.98800959233,343,105043.03,61709,7781389,91708,151777.55000000005
19,2021-05-20,40910,71.0,79867.11300000003,282,2442927,41175,0.1449014084507043,609691327.8967136,0.144849765258216,2312971.23943662,0.0,0.0,0.0261971830985915,2311280.1807511738,38239804.42253521,50390.18215962442,268,95309.30000000002,67332,9758558,115891,178485.28999999995
20,2021-05-21,11141,64.0,42166.79999999999,402,466646,11500,0.1351540229885058,604792224.0275862,0.1347655172413794,2567489.229885057,0.0,0.0,0.0336137931034482,2551992.372413793,8742199.944827586,54594.63333333333,259,95707.88,45343,5174312,64218,101198.43
21,2021-05-22,32740,38.0,88696.57100000004,1227,1725570,33869,0.1120617760617762,556364527.938224,0.1118474903474904,2420393.656370657,0.0,0.0,0.0316158301158301,2405657.2683397685,17869567.266409267,92537.73532818534,143,51188.50000000001,40410,3881837,59347,129131.13999999998
22,2021-05-23,10331,44.0,17863.379000000004,1196,633065,11447,0.1099257641921398,592003572.1091703,0.1094585152838428,2635357.2030567685,0.0,0.0,0.033853711790393,2605476.88209607,8396914.777292576,165545.7986899563,223,87720.25,34867,3804118,45875,92320.25000000004
23,2021-05-24,25369,70.0,38902.49799999999,3927,1935300,29070,0.1150144628099173,713472205.0991735,0.1134338842975205,2980989.995867769,0.0,0.0,0.0300330578512396,2892469.758264463,13456056.033057852,203291.20247933888,407,149486.40000000002,41120,4926744,60214,133557.19000000003
24,2021-05-25,20346,70.0,31852.529999999988,1058,1511473,21343,0.1329241245136188,842332458.340467,0.1325155642023348,2881030.571984436,0.0,0.0,0.0247178988326848,2869886.5992217897,9871583.540856032,103870.34435797666,625,239310.2,54316,6965909,83427,174443.13999999987
25,2021-05-26,32111,70.0,64619.38800000004,6363,2353459,38077,0.1125544354838709,663106641.8064516,0.1082741935483871,3402761.328629032,0.0,0.0,0.0263326612903225,3092961.16733871,34425367.82258064,161896.3185483871,430,143018.74,59387,6954078,83752,247620.4
26,2021-05-27,30272,86.0,89537.409,6422,2337500,36283,0.1061748971193415,763722726.473251,0.104872427983539,4175377.442386831,0.0,0.0,0.0282510288065843,4018784.872427984,44923572.3127572,263067.7962962963,455,175376.40000000005,57675,7047374,79986,389709.87000000017
27,2021-05-28,8730,90.0,98977.769,16648,296982,24380,0.1127713097713097,746725881.6133056,0.0938918918918918,7437393.819126819,0.0,0.0,0.0269812889812889,4705636.733887734,58136126.56964657,286142.86694386695,311,105976.50999999997,43154,3882851,49505,372118.5
28,2021-05-29,8976,85.0,92343.62200000005,9661,485997,18035,0.0987466666666667,894923668.2355555,0.0923666666666667,6804194.906666666,0.0,0.0,0.0291422222222222,5312777.26,55833611.16444445,314006.1311111111,276,133456.09999999998,54877,7170949,82015,419774.75999999966
29,2021-05-30,8192,65.0,96554.814,7437,410927,15016,0.0803555555555555,802140269.0977777,0.0740111111111111,7708480.853333333,0.0,0.0,0.0336644444444444,6247674.831111111,65551846.47111111,349570.46444444446,193,69666.73,59727,7841992,88953,463959.4000000002
30,2021-05-31,9204,76.0,115392.59399999995,5936,526182,14688,0.10867,1064807272.032,0.103766,8894622.432,0.0,0.0,0.0297639999999999,8132458.808,61320588.768,204379.898,552,224480.66,68257,9444122,103509,509272.60999999975
31,2021-06-01,11073,89.0,105712.46599999996,15785,661675,25701,0.1094510869565218,1007357372.4891304,0.1005307971014494,8055300.382246377,0.0,0.0,0.0386358695652173,7237165.972826087,38610872.58695652,131720.92028985507,318,93370.78,28696,1893872,28182,141424.5700000001
32,2021-06-02,4879,72.0,27563.284000000003,2978,212234,7616,0.1208726415094339,588919691.1981132,0.1136533018867925,3509527.7264150945,0.0,0.0,0.0435188679245282,2793103.0754716983,18041782.849056605,237897.68608490567,332,127778.2,13686,325110,7052,35265.19000000001
33,2021-06-03,3537,66.0,14196.266999999996,985,230599,4442,0.1250760368663595,597218277.9562212,0.1177649769585253,2675210.1774193547,0.0,0.0,0.0505852534562211,2352298.005990784,8259540.101382488,134712.96797235022,291,111342.2,11099,353429,6489,22860.52
34,2021-06-04,2330,63.0,10470.571000000007,215,72121,2525,0.1241642857142858,531745145.5761905,0.1158738095238096,2368989.745238095,0.0,0.0,0.0378,2238717.010952381,7655838.076190476,100628.07523809525,227,74404.59999999999,12747,919813,12071,31000.84000000001
35,2021-06-05,2011,30.0,7865.131,69,51311,2076,0.131746835443038,485506997.2810127,0.1238177215189874,2055450.382278481,0.0,0.0,0.0278506329113924,2022787.829113924,4244964.010126582,43594.34683544304,119,38987.0,25671,4060208,41850,85857.15000000004
36,2021-06-06,2178,30.0,8196.61,119,79292,2294,0.1219818181818183,415215923.0246753,0.1119558441558443,2053771.7493506493,0.0,0.0,0.0566961038961039,1984131.4615584416,8482738.7012987,26922.76025974026,143,46220.0,31264,5109356,53634,93094.44999999995
37,2021-06-07,3181,69.0,15075.368999999995,717,78585,3847,0.1212304250559284,408587515.19463086,0.1117404921700224,2115143.3736017896,0.0,0.0,0.0359821029082774,1961767.0158836693,6357464.6174496645,72288.50357941833,401,148227.8,33467,4557979,51247,100754.11000000002
38,2021-06-08,3455,61.0,15556.230999999996,1230,80613,4592,0.1659236111111112,680369857.0277778,0.151224537037037,2565901.152777778,0.0,0.0,0.0468703703703703,2330098.706481481,8818078.666666666,108073.06157407408,407,133020.59999999998,31993,4324520,47973,92788.26999999996
39,2021-06-09,2933,70.0,13522.169999999998,649,57031,3521,0.1529458239277653,662273229.9458239,0.1373002257336343,2518796.0293453727,0.0,0.0,0.0440880361173814,2338019.066591422,7041513.09255079,95275.85869074492,316,122998.99999999996,29700,3577624,42993,86770.90999999996
40,2021-06-10,2841,69.0,12335.423999999994,990,68090,3771,0.1532207207207206,576432683.2702702,0.1412027027027028,2240103.849099099,0.0,0.0,0.0308490990990991,2002445.4596846849,8387422.774774775,100908.82792792794,317,123566.4,29302,3340735,41425,81042.66
41,2021-06-11,2533,57.0,11416.868000000006,483,56841,2977,0.1446516587677725,483162496.2203792,0.1314644549763034,2180646.646919431,0.0,0.0,0.0429052132701421,1923820.504265403,6500629.374407583,64631.58317535545,289,99380.2,29771,4044047,47118,81966.73999999998
42,2021-06-12,2137,42.0,9244.133,493,63208,2604,0.1426633416458853,539590908.6159601,0.1289875311720699,2458782.458852868,0.0,0.0,0.0374962593516209,2139979.1466334164,4991057.117206982,86085.87730673316,160,58506.80000000001,25389,3664804,42453,66197.1
43,2021-06-13,2037,34.0,9181.747999999998,378,62623,2386,0.1063805970149254,374480666.15174127,0.0963805970149255,1948701.196517413,0.0,0.0,0.0382910447761194,1777101.5845771143,5299125.054726368,110439.39054726368,159,57797.5,34007,4489386,56044,75820.37000000008
44,2021-06-14,3243,64.0,15559.089999999997,802,78650,4001,0.1163999999999999,465769785.2258065,0.1072795698924732,2305179.243010753,0.0,0.0,0.0282645161290322,2045330.0,10565967.879569892,80724.62150537634,459,167258.6,36051,4370059,53982,80626.94
45,2021-06-15,3210,63.0,16004.688000000006,777,72871,3918,0.0862464929859719,326143124.05210423,0.073192384769539,2314763.448897796,0.0,0.0,0.0268096192384769,2102112.2587174345,4720947.911823647,114670.05230460924,421,157384.19999999998,27168,3329846,41081,75881.30000000002
46,2021-06-16,2622,60.227,13410.422999999986,311,42215,2906,0.1051016597510373,410239103.219917,0.0947966804979253,2346156.114107884,0.2185435684647302,0.9626556016597512,0.0306390041493775,2234471.731327801,4852126.987551867,68783.4304979253,362,145173.7,28378,3597588,43209,74368.05999999998
47,2021-06-17,2575,64.0,14793.626999999991,2106,53281,4536,0.1458917197452229,506686885.7919321,0.1251273885350319,2673286.963906581,0.0,0.0,0.0347813163481953,2100474.464118896,5937032.203821656,142216.557537155,299,104686.6,24110,2839601,34749,76069.70999999996
48,2021-06-18,2253,48.0,14731.890999999998,4946,60867,6810,0.1371401869158878,546474887.8691589,0.105768691588785,3343580.3224299066,1.341121495327103,1.341121495327103,0.0446425233644859,1989901.873831776,8132683.23364486,207815.79906542052,222,94767.0,19222,2683698,32164,71542.69999999997
49,2021-06-19,1567,29.0,10858.980999999992,3629,39604,4948,0.1302799999999999,346565753.895,0.0875375,3230058.45,0.0,0.0,0.0549675,1583549.6825,4293451.52,256835.9925,114,37947.7,16821,2036372,25151,73777.72
50,2021-06-20,1096,23.32,4634.026999999997,53,24617,1145,0.0909764397905759,447843159.7172775,0.0842068062827225,1876570.8612565445,0.1809947643979057,0.5654450261780105,0.0222460732984293,1793250.2958115183,2797133.769633508,31293.15706806283,123,44162.50000000001,19334,3106939,36147,65593.74000000002
51,2021-06-21,2250,58.359,11689.773999999994,117,29473,2363,0.1338803611738149,633446769.952596,0.1204379232505643,2505329.0361173814,0.446060948081264,1.2415349887133182,0.0424198645598194,2402404.856207675,6849404.036117381,46391.075169300224,430,165123.7,23538,2762605,33537,75871.21999999999
52,2021-06-22,2049,40.09,10047.359000000008,62,23170,2110,0.136004716981132,453832614.2924528,0.1297382075471698,2010266.3325471696,0.3486179245283018,3.875,0.0340306603773584,1964552.7735849053,7850668.396226415,26931.091509433965,326,111501.59999999998,19437,1863995,24957,66754.15000000001
53,2021-06-23,2056,46.678,10227.846,33,24055,2088,0.1263625866050809,556493646.6905311,0.1187736720554273,2052351.6651270208,0.7520346420323325,1.1085450346420322,0.0296327944572748,2016312.1616628172,5275622.378752887,20461.5935334873,322,130145.30000000005,28339,3519101,43686,65005.37999999999
54,2021-06-24,4145,65.75,18726.998,308,117867,4431,0.1336398210290828,661074771.689038,0.1231543624161074,2444587.4474272933,0.0939597315436241,0.1252796420581655,0.039393736017897,2316402.8277404923,8942337.619686801,81006.30805369127,306,111373.1,26730,3143016,36808,85834.66000000003
55,2021-06-25,16891,96.0,118478.62899999994,18805,1291132,34856,0.1164170506912442,479181688.9308756,0.1089423963133641,3761378.822580645,0.0,0.0,0.0386313364055299,2206198.50921659,52058972.71889401,287111.29262672813,257,112415.4,71019,9371791,111820,244912.45000000004
56,2021-06-26,17990,79.0,98966.057,15265,1729265,32523,0.1134278606965174,517902509.8308458,0.1108756218905473,3011969.957711443,0.0,0.0,0.035410447761194,2276195.1641791044,53905472.39800995,307891.2524875622,154,55780.95,57230,7843019,93901,182743.66000000003
57,2021-06-27,7833,56.0,64440.188,14515,685391,21562,0.0988367875647668,401002219.6528497,0.0941373056994819,3089407.945595855,0.0,0.0,0.0491658031088082,2136002.779792746,69941095.00518134,343540.1227979274,130,41002.7,50396,6025107,74256,162001.72999999995
58,2021-06-28,8331,91.639,69571.406,23665,647135,30770,0.1215471698113207,547026303.8278302,0.1137759433962264,3305388.0023584906,1.2373537735849058,0.7547169811320755,0.0454811320754717,2065169.47995283,61528578.18396226,234258.6900943396,320,109167.5,60987,8560470,91978,160231.12999999998
59,2021-06-29,10886,84.173,64789.99300000002,11216,896125,21631,0.1236246851385391,448426941.6322418,0.1192871536523931,2926703.959697733,0.1318312342569269,0.7632241813602015,0.0435591939546599,2198277.8362720404,45118707.04282116,192543.3967254408,344,125876.7,61411,8407369,90202,151134.13999999996
60,2021-06-30,7232,87.0,40980.28899999998,3272,497279,10391,0.1342596810933942,619271453.2870159,0.1296560364464694,2883789.353075171,0.0,0.0,0.0522915717539863,2565669.459453303,24619521.8952164,113762.51913439637,336,128773.4,56544,7386801,81915,110351.24999999996
61,2021-07-01,12410,101.333,73104.85599999997,11133,1090776,23120,0.1250870588235293,558722585.32,0.1196564705882353,2981277.663529412,0.602355294117647,1.807058823529412,0.0540023529411764,2463464.2872941177,52404016.00941177,114866.81764705882,305,118752.9,19124,1652457,19100,86864.53999999998
62,2021-07-02,5634,77.0,40751.965,5848,366346,11263,0.1132946859903382,435868641.9855073,0.1007077294685991,3134601.5,0.0,0.0,0.0757946859903381,2203451.0359903383,18080652.80193237,140078.0234299517,224,105190.19,14683,913242,12398,59865.76000000002
63,2021-07-03,1553,31.0,6892.398999999999,85,39825,1635,0.0908939393939394,352024698.0429293,0.08625,1882561.651515152,0.0,0.0,0.0487070707070707,1797872.133838384,5260259.636363637,15617.992171717173,135,41518.2,10866,879625,11177,25914.779999999988
64,2021-07-04,1603,29.5,7896.47,33,41408,1634,0.1066592592592593,459800763.0419753,0.1015728395061728,2269078.592592593,0.3851851851851852,0.7703703703703704,0.0214320987654321,2235725.333333333,5159119.249382716,11722.576543209876,146,51941.740000000005,9147,788255,9609,25281.180000000008
65,2021-07-05,2501,63.047,16367.193000000005,84,42185,2577,0.1155197368421053,582664814.1096492,0.1091293859649123,2791203.6666666665,0.0435065789473684,0.9324078947368424,0.0263881578947368,2748128.13377193,9303685.368421054,16103.740789473684,424,142948.90999999997,11432,742460,9861,32554.569999999992
66,2021-07-06,2157,59.0,13384.294999999993,61,31617,2217,0.1076984478935698,756227175.8758315,0.0935631929046563,3037392.0753880264,0.0,0.0,0.0417117516629711,2980010.135254989,7750046.048780488,13001.157427937917,296,102960.36,11656,905097,11267,31401.58999999999
67,2021-07-07,2158,54.0,12915.229999999989,70,37408,2226,0.1153435294117647,543912229.7176471,0.1010941176470589,2308784.6047058823,0.0,0.0,0.048915294117647,2238127.3247058825,7611227.538823529,17879.97858823529,306,95606.91999999998,11158,931796,11040,30999.729999999992
68,2021-07-08,2289,54.0,14160.583000000002,48,35483,2332,0.1385155555555556,706603187.2244444,0.1180000000000001,2978687.4044444445,0.0,0.0,0.0377488888888888,2939451.748888889,10175082.186666667,7996.688666666665,290,98829.44,10183,757270,9464,29055.72
69,2021-07-09,2184,61.0,11265.597000000009,57,37827,2236,0.1145648351648351,531474563.5604396,0.1026175824175824,2245692.5186813185,0.0,0.0,0.025432967032967,2193674.63956044,6865437.362637362,11000.737362637365,228,78202.43,8852,516546,7312,24960.25
70,2021-07-10,1947,36.0,9454.520999999995,39,44060,1984,0.1400560747663551,662259921.6308411,0.1333901869158878,2399715.7476635515,0.0,0.0,0.0289719626168224,2372712.6261682245,7221529.962616823,12814.73714953271,127,41818.33,7604,468435,7049,24579.519999999997
71,2021-07-11,1656,22.0,7230.382,10,41371,1666,0.106877990430622,442280335.1004785,0.1032607655502392,2033979.95215311,0.0,0.0,0.0127607655502392,2028804.7799043064,5122344.497607656,4256.688995215311,102,26907.42,6993,439451,6731,21076.0
72,2021-07-12,2514,53.0,11605.126000000002,11,38491,2525,0.1420745614035088,642679773.7302631,0.1315592105263158,2517288.574561404,0.0,0.0,0.0158991228070175,2519064.3377192984,8955960.50877193,8194.166666666666,381,122551.67,9610,605460,9065,27733.58
73,2021-07-13,2300,67.0,10443.82299999999,11,29234,2310,0.131604347826087,531402268.6391304,0.1258021739130435,2116426.7391304346,0.0,0.0,0.0170652173913043,2118478.315217391,7025284.747826087,25415.75652173913,408,150698.78999999998,9473,748764,9509,24250.129999999997
74,2021-07-14,2131,60.0,9981.325000000004,12,24841,2143,0.1381024498886414,577244074.5768374,0.13571714922049,2291161.35857461,0.0,0.0,0.0129420935412026,2287511.839643653,5244332.77505568,1036.6280623608018,316,102193.81999999998,10092,1144102,12639,26633.55
75,2021-07-15,2083,45.294,8731.091999999995,16,21741,2097,0.1303986486486486,452361190.8333333,0.1288513513513513,2017634.981981982,0.1389977477477477,0.4729729729729729,0.0139639639639639,1991162.6509009008,6062229.261261261,4562.045045045045,368,126928.6,13354,1254796,13443,30578.14
76,2021-07-16,2105,41.0,8914.858999999999,37,31146,2141,0.0856903765690376,327835531.0404463,0.0790167364016736,1373334.8535564854,0.0,0.0,0.0118688981868898,1365343.0857740585,3329418.3654114367,5366.145048814505,248,80500.70000000001,13737,1395433,16406,37862.3
77,2021-07-17,1763,46.0,8163.087000000007,25,30632,1785,0.0654939759036144,247620846.86746988,0.0635435073627844,1287167.7443105755,0.5408299866131191,0.5408299866131191,0.0101753681392235,1274871.9879518072,3468345.108433735,4092.182061579652,147,53699.76,11332,1258220,15822,40011.15
78,2021-07-18,1412,30.049,6056.688000000004,26,25370,1437,0.0740027247956403,263280227.88283375,0.0733365122615804,1256022.749318801,0.0262043596730245,0.5362397820163488,0.0079604904632152,1239585.7138964578,3336232.9809264303,8483.576158038148,146,46841.52,11594,1986153,20812,33909.829999999994
79,2021-07-19,2456,58.0,12167.20600000001,140,43782,2589,0.0753067632850241,236686188.58454105,0.0640724637681159,1392303.3490338165,0.0,0.0,0.017165458937198,1346015.1763285024,4025210.512077295,19404.163647342997,405,131770.98,32058,4366317,52829,66290.89
80,2021-07-20,3482,76.0,18782.802,108,85427,3578,0.0885704545454546,393871492.8840909,0.0809340909090909,2581685.988636364,0.0,0.0,0.0159624999999999,2544750.475568182,4493416.590909091,33339.834659090906,366,116004.63999999998,39213,6059925,70854,105967.19000000005
81,2021-07-21,9604,96.077,73492.625,2873,520449,12340,0.0688278595696489,406035602.22423553,0.0628980747451868,4388503.774631937,0.401440543601359,0.6115515288788222,0.0125254813137032,3967848.962627407,21578419.27066817,98382.32163080409,329,107879.07,54540,11446304,102185,196260.23000000004
82,2021-07-22,10134,96.0,71926.67199999993,3616,578148,13577,0.076208182912154,385138968.1492178,0.0714356197352587,2991414.6690734057,0.9819494584837544,0.9819494584837544,0.0119241877256317,2400063.336943441,30190437.809867628,121737.66907340552,270,85381.14,48830,9875145,94778,181155.38999999996
83,2021-07-23,8054,103.68,72209.09299999996,17131,499103,24525,0.0838887559808612,339456325.06698567,0.0767691387559808,3691801.783492823,0.1757117224880383,0.2583732057416268,0.0150035885167464,2203630.799043062,21683790.3492823,112491.71650717704,245,78636.59,52031,10562993,103800,184553.45
84,2021-07-24,8849,88.0,64794.217,7649,535540,16126,0.0704067584480601,340356320.0175219,0.0634831038798498,3438705.4355444307,0.0,0.0,0.0160350438047559,2682622.0838548187,28010436.836045057,122089.32790988736,146,45437.17,59244,10799837,114194,175834.08000000005
85,2021-07-25,8555,74.363,61404.87399999999,4166,534147,12531,0.0724720101781171,390583536.37150127,0.0666679389312978,3388841.0139949108,0.1620470737913486,0.4465648854961832,0.0175865139949109,2787373.6806615777,25950912.987277355,98929.73282442748,179,53296.76,63002,10941410,116833,173074.3200000001
86,2021-07-26,8884,97.192,72147.88499999997,11480,536723,19819,0.092184914841849,427588707.5328467,0.0847226277372263,3735962.856447689,0.6221934306569344,1.6909975669099755,0.0162141119221411,2420051.4513381994,23597342.905109487,134122.72749391728,441,142903.65,64813,11199022,118228,186470.7
87,2021-07-27,8313,100.198,66672.33500000005,6780,464510,14677,0.0867179176755448,390279946.9322034,0.0807578692493947,3524407.398305085,0.0507615012106537,0.0423728813559322,0.0143389830508474,2693808.934624697,26015798.63922518,123124.12832929782,355,114017.30000000002,63218,10278894,113219,172557.94
88,2021-07-28,8080,123.333,65516.13000000003,4151,450743,11993,0.07696357226792,412946777.15863687,0.0718495887191539,3411070.545828437,0.2898542890716803,0.8695652173913043,0.0130141010575793,2728041.174148061,24845108.19506463,105782.9132784959,431,181520.37,58973,8167171,95708,160660.62000000002
89,2021-07-29,7280,110.044,61423.176,3904,411087,10913,0.0891912832929782,426135895.7530266,0.0824745762711864,3262962.122276029,1.7894951573849878,2.4836174334140435,0.015455205811138,2825337.784503632,24680702.653753027,119189.81355932204,317,116458.77999999998,56880,7634452,93657,152289.39
90,2021-07-30,6384,69.0,55798.265000000014,5793,368052,11853,0.0809409638554217,451422224.86987954,0.0745915662650602,3707810.9578313255,0.000812048192771,0.0,0.0145289156626506,3049631.951807229,17122689.002409637,103361.23253012048,256,91428.41,45821,5062651,53551,126130.69999999992
91,2021-07-31,5932,79.0,55389.825000000026,2979,329520,8739,0.0673016905071521,400082230.82184654,0.0609063719115734,4994922.412223667,2.694408322496749,1.3472041612483745,0.014667100130039,4306789.102080625,20253200.20286086,146975.51300390117,158,57892.32,50109,5568564,67193,120514.17999999996
92,2021-08-03,2450,35.263,21433.938,4950,165510,7161,0.0932334682860998,509652153.8623482,0.0880499325236168,2698467.165991903,0.012408906882591,0.0472334682860998,0.0175897435897435,2357469.248717949,12526595.497975709,55369.06383265857,406,125792.1,30500,5893390,53080,75998.33
93,2021-08-04,4868,93.479,47231.112000000016,6282,248444,10838,0.0844423076923077,394668734.3173077,0.0769915865384615,3049866.378605769,0.4485588942307693,1.4816105769230767,0.0152728365384615,2629269.5853365385,18965400.009615384,86449.73317307692,411,132867.41999999998,28790,3170627,33375,88162.86999999995
94,2021-08-05,4530,85.441,41415.62599999997,4446,223477,8762,0.0675827338129496,356233503.2589928,0.0590863309352518,3495654.2913669064,0.4670167865707434,0.9210239808153478,0.0172074340527577,2994737.8459232613,16065714.019184653,84917.90767386091,336,104362.5,24184,2892605,30633,86073.26999999999
95,2021-08-06,2559,59.205,19254.969,97,50289,2648,0.0790110974106041,411182122.4266338,0.0696868064118372,3686349.729963009,0.1040320591861898,0.1726263871763255,0.0147595561035758,3656262.300246609,11530875.13193588,26497.712083847106,259,88420.09999999999,21203,2750310,29247,64548.92000000002
96,2021-08-07,2011,59.0,14405.052999999993,77,38660,2079,0.0708045685279187,375440071.680203,0.0625951776649746,2640338.0812182743,0.0,0.0,0.0169149746192893,2622644.228045685,2107844.431472081,28440.629060913703,139,44107.6,19954,2959701,29148,58446.83000000003
97,2021-08-08,1710,32.34,12134.091,92,33837,1792,0.0799792746113989,383855240.738342,0.0656347150259067,2601588.582901554,0.17925,0.5270077720207255,0.0194170984455958,2572000.111528497,3811913.357512953,25511.357642487048,170,51508.1,19850,2874202,30171,56721.67999999999
98,2021-08-09,2756,86.36399999999999,22805.290000000023,109,35505,2858,0.0694014778325122,394427577.1502463,0.0609655172413792,2919636.447044335,6.147958128078819,1.3520197044334976,0.0122426108374384,2898495.7988916254,5991127.54679803,35820.015640394085,391,127155.5,21670,2863581,31353,71079.00000000001
99,2021-08-10,2793,73.179,19863.711000000018,134,37901,2917,0.0770668257756563,445694503.022673,0.0682816229116945,2625799.494033413,0.4555751789976133,0.8563305489260143,0.0159045346062052,2584292.698448688,7369370.961813843,20069.259785202863,386,118650.0,19152,6221388,54939,91029.64000000004
100,2021-08-11,2841,69.08,21952.94499999998,85,37961,2921,0.0704252733900365,382217542.56379104,0.0595419198055893,2899902.7120291614,2.897890643985419,1.1721300121506684,0.0137557715674362,2885111.54981774,6454333.317132442,21381.12332928311,428,159874.6,20504,3963699,42849,97619.02000000002
101,2021-08-12,2616,73.16199999999999,20073.498,5,28742,2620,0.0678527607361962,406943664.9815951,0.0650907975460122,2454375.382822086,1.408280981595092,1.7833092024539876,0.0033742331288343,2454520.780368098,6891697.943558282,267.04294478527606,346,115627.20000000004,27775,5894306,60102,105531.91000000006
102,2021-08-13,2663,60.0,18708.569,31,36883,2694,0.0714969623329283,392561695.3511543,0.0635261239368165,2674110.7995139733,0.0,0.0,0.0115771567436209,2669426.048602673,4022018.590522479,7620.625759416768,362,121364.3,27699,11077314,74804,102866.80000000008
103,2021-08-14,3271,59.923,19492.82899999999,56,87371,3323,0.067509505703422,398314078.63117874,0.0625551330798479,2611316.581749049,0.403871989860583,0.8898441064638783,0.0087275031685678,2612078.971863118,7280642.063371357,16426.693029150825,199,74855.4,28975,4508317,46327,72497.42000000001
104,2021-08-15,3441,48.489,20888.294,277,134258,3697,0.0590826140567201,353550927.5536375,0.0516794081381011,2533408.7916152896,0.2030998766954377,0.8139753390875463,0.0144414303329223,2505690.9667077684,9013324.372379778,44350.80061652281,206,60826.3,33041,8526063,76389,97179.20999999996
105,2021-08-16,5630,117.252,41125.04000000001,3037,238463,8507,0.0790426035502958,413051030.08047336,0.0684473372781065,2791003.1668639053,4.181383431952662,2.1548792899408284,0.0170887573964497,2430913.0887573967,17143688.222485207,68707.03786982248,463,149437.69,33708,7438268,70567,118530.28000000004
106,2021-08-17,6184,98.0,50221.92800000001,10738,298298,16311,0.0821850961538461,394579112.3557692,0.0719519230769231,3883478.360576923,0.0,0.0,0.0153846153846153,2591350.6915865387,17942384.89903846,111233.17716346154,406,117631.6,35078,4935459,56489,129346.34999999987
107,2021-08-18,5819,102.702,60167.305000000015,17403,300680,22252,0.0747677119628338,372245965.3751452,0.0654157955865272,4718794.713124274,0.6398734030197445,0.3760499419279907,0.0140882694541231,2574703.281068525,17768219.224157955,175961.4854819977,476,162041.83000000002,33092,4062004,47606,129982.51999999996
108,2021-08-19,5339,111.784,57788.50500000001,24462,295604,28660,0.0743285883748516,439344477.9905101,0.0628125741399763,4449227.752075919,0.3044187425860024,0.7914827995255042,0.0155646500593119,2499740.4887307235,20792549.59905101,113047.83274021352,416,136464.55,31763,3952564,46122,122156.38999999998
109,2021-08-20,5403,72.609,42893.181,8036,269029,12997,0.081349932705249,399164899.0067295,0.0718075370121131,3178005.7738896366,0.7251668909825033,0.8885895020188425,0.018207267833109,2308500.945222073,20680741.792732168,102992.10942126514,306,101393.9,31879,4922159,52692,97179.60999999996
110,2021-08-21,4765,63.647,39392.403000000006,5082,252225,9636,0.0808683544303797,369567718.7443038,0.0723405063291139,3465825.111392405,0.4540202531645569,0.7012645569620254,0.017959493670886,2517706.6620253166,17348303.86835443,100244.3635443038,143,40139.0,30865,8679275,73316,114123.49000000006
111,2021-08-22,4306,52.0,49914.04699999996,11477,275402,15247,0.0708002544529261,397336702.37150127,0.063382951653944,5169304.25826972,0.0,0.0,0.0171730279898218,3288416.664122137,15407726.432569977,150247.80788804073,176,56351.15000000001,31159,5695914,59099,107634.71000000002
112,2021-08-23,4759,90.0,53671.60899999998,15959,289869,19963,0.0817369640787948,579449436.9594438,0.0744704519119351,5799288.964078795,0.0,0.0,0.0110660486674391,3918746.383545771,14078779.39281576,142973.65701042872,453,165885.4,34423,8109038,73171,124534.29999999996
113,2021-08-24,6922,98.537,70406.18300000003,10910,356860,17265,0.0812573033707865,642261680.4404495,0.074470786516854,6104479.571910112,0.265414606741573,1.0952808988764045,0.0111404494382022,4869379.148314606,16358040.341573032,134338.79213483146,399,130246.9,39873,10120810,102030,207082.42999999985
114,2021-08-25,5852,104.483,55925.82599999999,7654,250075,13150,0.0786531986531986,673243338.2087542,0.0705521885521885,5968148.868686869,0.1950864197530864,0.1571268237934904,0.0145230078563411,5204400.869809203,13699280.695847362,92020.1290684624,382,126334.64,36827,8831881,94002,188468.0200000001
115,2021-08-26,6434,126.0,57213.77100000001,4260,284430,10453,0.0810480984340044,691854517.736018,0.0749910514541387,6390592.763982103,0.0,0.0,0.0132953020134228,5716401.403243848,12127121.991051454,107514.73635346755,400,151503.46,34753,9301165,95995,205702.7
116,2021-08-27,6350,76.0,71886.551,15816,358173,21466,0.073771234428086,782176688.398641,0.0676092865232164,8755494.419026047,0.5084937712344281,0.5084937712344281,0.0125050962627406,6896622.605889015,17837410.28765572,158727.81653454134,307,104752.0,35258,7089073,85344,195221.62
117,2021-08-28,6532,76.0,55103.71299999997,3752,322544,10109,0.064303488372093,531473270.5488372,0.0602081395348837,5024991.972093023,0.0,0.0,0.0144267441860465,4560669.681976744,19312589.31627907,123406.49011627906,178,54804.4,34430,8390804,91654,187711.67
118,2021-08-29,6343,65.0,59290.77799999997,3054,352089,9287,0.0569889012208656,527276096.8679245,0.0540599334073251,5702926.446170921,0.0,0.0,0.0153651498335183,5461703.027746948,11337379.156492786,106340.3629300777,212,74678.89999999998,34290,8301908,94460,187484.14
119,2021-08-30,6895,81.0,76974.98000000001,2852,365634,9640,0.0706210640608034,990198297.834962,0.067614549402823,10124900.53311618,0.0,0.0,0.0113887079261672,9858525.318132464,10898155.031487511,78749.08773072746,488,174987.89,36230,7822899,93705,208245.98000000004
120,2021-08-31,5653,85.122,58111.600999999966,3243,271186,8739,0.0712182017543859,647086286.1337719,0.067359649122807,8048470.66008772,0.0140274122807017,0.1151315789473684,0.0120570175438596,7423165.671052632,16824920.06140351,86692.99342105263,497,174430.88,33428,7219716,76922,186934.93
121,2021-09-01,4962,70.371,41038.40999999995,8800,213557,13384,0.0861029252437703,492052328.11700976,0.0803499458288191,6120588.133261105,0.5964767063921994,0.7806327193932828,0.0139631635969664,5082788.46695558,10779084.17334778,93439.52979414952,400,134380.81,35794,3628290,44342,71146.39999999998
122,2021-09-02,5896,89.0,53156.92100000002,9921,278732,15344,0.075389010989011,659845370.6065934,0.070134065934066,7906122.879120879,0.0,0.0,0.0122813186813186,7001509.571758242,12547259.028571429,93143.07978021978,374,128724.21999999996,34643,3889675,45536,90610.65999999996
123,2021-09-03,6471,86.54,61191.88300000007,3044,303994,9385,0.0665363436123348,707012764.845815,0.0609151982378855,8052245.5561674,0.1911640969162995,0.3541850220264317,0.0159438325991189,7807230.291299559,16657700.466960352,70811.36068281939,286,83508.73000000001,32561,4140339,50158,119364.05000000002
124,2021-09-04,6983,83.625,57327.79599999999,1539,360076,8464,0.0555600882028665,516572851.99558985,0.0513814773980154,6506210.872105843,0.113218302094818,0.1812723263506064,0.0193737596471885,6375416.8470782805,14020095.59206174,54643.2887541345,208,73855.96,32799,4282119,50563,101123.37
125,2021-09-05,5889,73.0,53247.905,3047,316913,8832,0.0637142857142857,604812737.1160715,0.0610189732142857,6062385.481026785,0.0,0.0,0.0200937499999999,5846075.146205357,16596953.25,95076.50189732145,176,48099.01,31685,4192065,53524,99204.09000000004
126,2021-09-06,7044,78.511,68723.57599999997,3103,338635,9982,0.0711321353065539,866666712.4788584,0.068323467230444,10028094.21807611,0.0566871035940803,0.1109936575052854,0.013784355179704,9738216.114482028,13575250.342494717,86083.10253699789,428,123065.11,35725,4360225,52088,118475.53000000006
127,2021-09-07,8883,75.0,66636.61500000005,2340,548578,11074,0.0698126951092611,661969277.8813735,0.065777315296566,8637138.444328824,0.0,0.0,0.0164349635796045,8234865.050468262,16944050.106139436,92501.7726326743,465,152899.73,35443,4959230,56572,124079.63
128,2021-09-08,8923,76.249,68608.45799999997,1511,519840,10347,0.0660566037735849,587918132.081761,0.064066037735849,6232853.843815514,0.0219559748427672,0.0880503144654088,0.0109329140461215,5984504.245283019,14533726.02096436,85423.6394129979,414,152476.53999999998,34974,5093089,56835,128400.03999999998
129,2021-09-09,8296,16.576,64941.26499999996,4429,450904,12512,0.0748562367864693,1169334554.9672306,0.0714418604651163,9743151.64693446,0.3537706131078224,0.2244186046511628,0.0133847780126849,9222576.712473571,9315721.145877378,93537.32251585624,402,131843.55000000002,35605,4725453,57142,124603.71
130,2021-09-10,5821,9.702,55401.362,11568,324337,16935,0.0803271939328277,540623219.9024919,0.0752567713976165,6662709.031419285,0.5013759479956663,0.2946078006500541,0.0124463705308775,5651617.17063922,5360157.867822318,112663.69284940412,265,94995.49,36605,4296736,51564,104785.91
131,2021-09-11,6431,7.0,47247.2,4108,347115,10377,0.074237831858407,621927383.5862832,0.0695719026548673,5741167.307522124,0.0,0.0,0.0154303097345132,5007056.783185841,6026027.6283185845,124483.47234513274,219,76674.48,33624,4039384,51510,90647.79999999994
132,2021-09-12,3997,8.0,33206.722,547,185188,4510,0.0664455899198167,424850502.39862543,0.0626746849942726,4716475.873997709,0.0,0.0,0.0184765177548682,4556088.689576174,4488381.360824742,77248.02371134021,172,54372.28999999999,32853,3960427,52708,74987.78999999996
133,2021-09-13,4086,13.0,27349.972999999976,725,178602,4764,0.0878843995510662,441859141.9203143,0.0853164983164983,3824546.429517396,0.5768799102132436,0.5768799102132436,0.0118361391694725,3679041.182603816,1990712.673400673,81698.68237934905,459,162707.65000000002,33225,4053629,49625,75950.21999999999
134,2021-09-14,5501,38.497,30123.108,1503,324939,6912,0.1006796690307329,487246498.502364,0.0966489361702128,3915772.192671395,0.2538286052009456,0.3404255319148936,0.0118085106382978,3615060.508865248,5530315.1678487,98305.38829787234,401,130108.17,35401,4961729,55264,94885.92999999996
135,2021-09-15,5769,28.511,36651.367000000006,2176,385667,7828,0.0787443438914027,495875468.7760181,0.0750452488687783,4769136.164027149,0.4916674208144796,0.96289592760181,0.0101402714932126,4101939.099547512,6272220.0,119961.889479638,352,145883.02,33449,4776506,54124,101686.35
136,2021-09-16,5447,31.0,38445.35199999999,6836,363578,11961,0.0855854214123007,459888986.71981776,0.0802129840546697,4326654.165148064,0.0,0.0,0.0139179954441913,3313198.908314351,9733523.772209568,145846.24544419136,266,91665.38999999998,30989,4633367,51215,117412.74999999996
137,2021-09-17,5697,45.333,73953.7,15570,440713,20568,0.0907001114827201,656354684.2296544,0.0850769230769232,6817617.11928651,0.2140468227424749,0.6421404682274248,0.0111148272017837,4856206.858416946,13792069.172798216,178611.4503901895,346,125061.30999999998,30514,3991702,44811,160300.46000000005
138,2021-09-18,4960,24.723000000000003,59491.790999999976,3747,312853,8528,0.08857582668187,661493790.700114,0.085460661345496,6257176.405929305,1.4314663625997717,2.419612314709236,0.0127172177879133,5583954.144811858,8553231.204104902,171466.5290763968,168,49029.33999999999,28651,3762326,43452,127649.68999999992
139,2021-09-19,4719,29.0,53278.88800000001,495,308651,5179,0.0837232558139535,818523116.0348837,0.0819255813953489,7298899.055813953,0.0,0.0,0.0147802325581395,7132413.701744186,8439183.813953489,77111.75720930233,179,60281.87,28886,4084950,46770,110748.08000000005
140,2021-09-20,5032,49.151,53552.94299999999,1050,232914,5999,0.0893954685890835,658269773.5818744,0.0873038105046344,6247272.155509784,0.0829794026776519,0.0720906282183316,0.0088331616889804,5977013.6673532445,11094865.182286303,137708.5,655,236574.02000000005,30442,3683916,45124,109480.82999999996
141,2021-09-21,5223,69.0,52247.114,1016,255750,6177,0.0897518636847709,489207168.72097975,0.0869222577209797,4998404.433439829,0.0,0.0,0.010825346112886,4751042.627263046,12434442.615548456,118343.6190628328,502,190751.36,30576,4065097,45475,110888.75999999992
142,2021-09-22,3190,53.273,27452.735999999997,1389,94209,4505,0.0880515759312321,484622782.6131805,0.0817440305635148,5026398.936962751,0.1259761222540592,0.2425978987583572,0.0118481375358166,4533329.916905444,4453506.490926457,54426.458834766,479,199938.68,29764,3973649,44553,85964.28999999994
143,2021-09-23,3396,50.242,26551.35900000001,2527,95179,5789,0.0820411599625818,489275320.463985,0.0735229186155285,4856287.856875584,0.1491234798877455,0.3704396632366697,0.0105902712815715,4181479.9045837233,2054831.1506080448,96299.92048643592,437,228941.92,26454,3760863,41011,81286.07000000002
144,2021-09-24,3963,23.453,31673.66500000002,3566,141350,7326,0.0792005545286507,464569390.8170056,0.0732689463955638,5141103.984288355,0.1085129390018484,0.2393715341959334,0.0086608133086876,4254353.030036968,2449903.866913124,111274.70101663584,569,259872.58000000005,29889,4394625,47142,110482.58
145,2021-09-25,3385,22.0,27719.814,1880,125511,5165,0.0689379178605541,454827251.382044,0.0616800382043935,4642230.011461319,0.0,0.0,0.0101222540592168,4217649.801528175,1727245.463228271,77917.43018147087,250,89221.04000000001,29378,4929017,52652,138127.43999999992
146,2021-09-26,2538,25.0,22847.29500000002,1186,103992,3641,0.0737272727272727,431357315.1363636,0.0666439393939394,4742158.2727272725,0.0,0.0,0.010684659090909,4412034.152746213,2669169.492424242,92329.2786931818,241,78122.25,28214,4426687,48179,153534.12
147,2021-09-27,6253,47.0,39464.56100000002,3556,276084,9584,0.085634168157424,584865092.3801432,0.0795751341681574,5377223.0518783545,0.0,0.0,0.0086967799642218,4805520.715563506,3766221.8676207513,82095.50357781754,615,268228.93,35301,5908157,58899,217747.49
148,2021-09-28,5085,38.0,29954.623,4282,241020,9099,0.0747185185185185,372968782.9851852,0.0680768518518518,3428993.4509259257,0.0,0.0,0.0090351851851851,2581359.6553703705,5521505.344444444,95976.49148148148,423,129501.86,31914,5918045,57586,219491.3000000001
149,2021-09-29,4025,68.404,26656.764,3673,192554,7432,0.1075303398058251,377312991.9563107,0.1005521844660193,2783803.655339806,0.1264053398058252,0.3131067961165049,0.0101043689320388,1821182.495145631,7062674.485436893,133472.29126213593,690,136814.54,32179,6034264,56660,200037.36999999997
150,2021-09-30,4159,47.0,28793.32399999999,4392,286462,8205,0.1017928483353884,414307963.1245376,0.0952157829839704,3265085.401972873,0.0,0.0,0.0090123304562268,1993384.7916152896,8546715.403205918,166539.08631319358,435,122606.01,44181,8397990,79582,239406.6800000001
151,2021-10-01,5695,39.246,32359.47,9039,611881,14309,0.0978770388958594,433531906.8607277,0.0879811794228355,3634879.011292346,0.1481242158092848,0.6022584692597239,0.0130100376411543,1880767.0539523207,16009012.406524466,128816.9008782936,274,86053.57999999997,21556,4931172,43105,128436.45999999996
152,2021-10-02,5938,18.0,28145.13399999999,5882,661316,11557,0.0763949367088607,364890688.06329113,0.0676227848101265,3048058.02278481,0.0,0.0,0.0145101265822784,1673888.5044303795,10080119.98987342,169134.92088607594,127,43840.64,20344,5003171,43236,112431.58
153,2021-10-03,7009,20.404,28260.964999999986,4126,749917,10843,0.0765141025641025,333947416.35897434,0.0705192307692308,2725554.86025641,0.0544179487179487,0.1346153846153846,0.0126794871794871,1541817.2397435897,7124484.523076923,159347.96025641027,152,48260.36000000001,21431,6597761,61927,150712.76999999996
154,2021-10-04,11782,28.14,61028.918000000005,12981,1594453,23901,0.0953904191616766,371861491.9964072,0.0899449101796407,4131546.650299401,0.8821221556886227,0.8101137724550898,0.0093952095808383,1837826.1724550896,15590775.326946108,198772.03113772452,389,116151.08999999998,26608,7942098,66191,189647.66999999995
155,2021-10-05,4885,47.355,32971.60800000002,5637,436185,10112,0.0827475369458128,359440021.05172414,0.0769273399014779,3932655.040640394,1.700332512315271,1.067902709359606,0.008801724137931,1823134.2364532016,4674867.098522168,238301.0406403941,362,125821.59,21538,5236692,49220,136612.67000000004
156,2021-10-06,5180,57.0,16652.87199999999,186,476478,5341,0.0912322097378277,365972475.968789,0.0795430711610487,1660797.436579276,0.0,0.0,0.0145393258426966,1672277.168289638,4820462.421972535,33418.8240948814,348,110311.89,22420,5339138,47234,121097.69000000002
157,2021-10-07,6168,42.12,14940.131999999998,97,624657,6256,0.09064,384619090.6455172,0.086023448275862,1412820.5131034483,0.3553931034482759,0.3172179310344827,0.0049186206896551,1422021.6593103448,1780760.4248275862,32178.59448275862,338,112994.25,23082,4639891,42774,101592.45999999992
158,2021-10-08,5164,48.468,13753.105000000003,98,534738,5258,0.1695267175572518,561554610.70229,0.1427519083969465,1911379.5305343512,0.2443015267175572,1.0419847328244274,0.0271297709923664,1894739.8988549616,8543978.183206107,21879.452290076337,345,109831.51,22829,4307264,41242,106841.43999999994
159,2021-10-09,4613,39.0,13645.848000000002,596,496567,5157,0.1628631178707224,689668493.4524715,0.1335475285171102,2515315.8707224336,0.0,0.0,0.0317490494296577,2382799.070342205,7614617.300380228,145165.73954372623,151,55671.81999999999,20061,8059059,77831,151846.4800000001
160,2021-10-10,5239,29.0,20293.888,5224,629490,9983,0.1200769230769231,456243384.52014655,0.0940805860805861,3878362.783882784,0.0,0.0,0.0289780219780219,2222854.4249084247,34032743.48717949,230651.57142857145,236,75139.48999999999,22516,5685675,55584,131912.49000000005
161,2021-10-11,10025,117.0,114347.10900000004,34138,1211877,41892,0.1240799031476998,581355203.9515738,0.0918716707021792,14018275.246973366,2.6292251815980627,2.62953995157385,0.048503631961259,2813475.031476998,73972985.094431,1041303.9878934624,490,140125.67,26554,6447478,61342,231020.36999999997
162,2021-10-12,9921,111.764,115899.29800000004,27044,1032729,34887,0.1148261964735517,540125663.7682619,0.0888438287153654,11035133.617128463,0.323360201511335,0.4231738035264483,0.047256926952141,3053058.4130982365,108830024.22166246,1089411.1813602014,377,112118.29999999996,26508,6779439,62675,228640.18
163,2021-10-13,9118,118.127,112639.72100000003,34128,910250,40586,0.1339106699751861,489958112.9528536,0.0942034739454095,10489757.4044665,1.47763523573201,0.6947890818858561,0.0605235732009925,2663454.5223325063,108174885.09181142,721608.8449131513,399,129612.0,25487,5654064,54477,222222.68999999983
164,2021-10-14,9841,100.769,96617.912,40386,1218586,48414,0.1163488943488942,486173212.9385749,0.0812358722358722,10060884.656019656,0.3174643734643734,0.4127764127764127,0.0425085995085995,2992740.4496314498,98251474.44717444,747095.194103194,466,140972.9,25738,6263809,58469,202023.19000000003
165,2021-10-15,10312,118.133,103451.328,34056,1094079,42658,0.1093901808785528,604854704.8940568,0.087813953488372,8190582.043927649,0.0672583979328165,1.1870801033591731,0.0244160206718346,3393368.881653747,148915660.0620155,486187.1891472868,450,132871.94,26697,5450047,57321,193196.04000000007
166,2021-10-16,8039,57.0,87548.205,26083,879057,32786,0.1067583333333332,662671413.3555555,0.0869611111111111,7298607.358333333,0.0,0.0,0.0246777777777777,3524797.1277777776,112560091.48888887,534596.8305555555,176,63243.05000000001,22748,5786082,58285,174459.1700000001
167,2021-10-17,7988,47.242,64895.30300000001,14605,877186,21821,0.078029569892473,506908611.6666667,0.0621639784946236,6887907.354838709,0.2765618279569892,1.1431102150537635,0.0259327956989247,3829304.4516129033,64782217.49462365,487485.21774193546,158,62982.12,22590,6033966,54650,144956.71999999986
168,2021-10-18,10322,74.0,92202.45300000002,23100,1089547,32193,0.0947409470752089,598911715.6935933,0.0809359331476323,8348688.844011142,0.0,0.0,0.0236295264623955,3930308.384401114,92644663.1977716,616713.713091922,403,126532.26000000004,25477,5299388,55128,202776.89000000025
169,2021-10-19,11060,113.5,98114.149,24794,1143921,34295,0.1084583333333333,725634496.2805556,0.0931972222222223,8594996.241666667,0.0972222222222222,0.1944444444444444,0.0238666666666666,3884495.619444444,75193021.55555555,536018.2916666666,403,129872.11,26420,6212204,60674,198075.81
170,2021-10-20,11694,64.22800000000001,61228.72000000001,11552,1183663,22468,0.0950378378378379,533418443.23783785,0.0778729729729729,6856562.15945946,2.9889216216216217,5.511891891891892,0.0290081081081081,3448508.2297297297,30483141.686486486,386388.8945945946,351,115726.76,27715,6977591,67931,163664.59999999995
171,2021-10-21,5630,64.914,31602.079,2717,408009,8158,0.0904811594202898,583784549.2634783,0.0779826086956522,5496167.736231884,6.06563768115942,19.68340869565217,0.0164028985507246,3467636.3391304347,20271141.27536232,443773.58260869567,397,121445.43,23444,5980836,56616,122880.60999999988
172,2021-10-22,6131,141.833,45079.93600000002,5928,402373,11634,0.1021849865951742,653350294.2788204,0.0884638069705093,6715109.946380697,0.2100080428954423,0.2520107238605898,0.0176970509383378,3723494.077747989,24587474.76675603,535953.7587131368,1003,159359.86000000002,26363,4930339,51866,151930.42000000013
173,2021-10-23,4786,42.084,23459.62000000001,2532,266537,7133,0.1014153846153846,573691400.1046153,0.0887999999999999,6140742.113846154,0.5478707692307692,13.12,0.0183815384615384,3263803.704615385,37235439.31076923,419705.90461538464,176,53067.07000000001,22304,5108699,55542,113444.46000000006
174,2021-10-24,5309,30.724,24969.63500000001,3277,377823,8291,0.0881253644314868,555410799.7959183,0.0768192419825072,6027550.816326531,0.2216180758017492,0.3061224489795918,0.0232536443148688,3500138.291545189,21198474.91545189,520721.79591836734,190,58601.43,22172,5350668,54966,118388.43000000002
175,2021-10-25,6728,94.693,49925.13799999999,6881,455877,13097,0.0945917808219178,733855440.1808219,0.0804520547945205,8578949.652054794,0.9668191780821918,1.3943397260273973,0.0220739726027397,4741747.716438356,50102969.019178085,475349.3328767123,494,168179.14999999997,25019,4742643,52484,155219.67000000004
176,2021-10-26,6088,51.0,30570.43800000001,2061,396314,7995,0.0978039772727272,709375044.7670455,0.0841676136363636,6710217.636363637,0.0,0.0,0.018247159090909,3973968.112215909,10027031.159090908,407142.265625,430,131736.17000000004,25231,4342445,50632,125950.17
177,2021-10-27,6821,67.0,27181.427,1335,476480,8060,0.0836109589041096,559708539.1013699,0.0700027397260274,5237239.756164383,0.0,0.0,0.0228410958904109,3576401.142191781,14072495.561643835,377477.55589041096,418,138176.43,24155,4536217,55084,122912.59999999996
178,2021-10-28,6068,50.5,24659.104,1980,432633,7906,0.0929266862170088,617718576.8328446,0.0769677419354839,5467056.5513196485,0.4504398826979472,0.9008797653958944,0.0204750733137829,3762263.866568915,14414060.609970674,499587.55278592376,380,129487.8,23695,4407004,51211,120414.08000000005
179,2021-10-29,6333,40.0,27016.153,2557,456003,8738,0.0930000000000001,499076547.3041096,0.0760657534246575,5208925.452054795,0.0,0.0,0.0246136986301369,3002034.098630137,12209663.210958904,287448.0109589041,371,147925.74000000002,21256,3792164,45301,109121.90000000004
180,2021-10-30,5608,33.51,22700.053000000004,728,424084,6279,0.0938338192419825,637208211.9591837,0.076131195335277,5262384.962099126,0.4064256559766763,1.5588921282798835,0.0270874635568513,3729666.346938776,12734832.559766764,370381.1224489796,178,68259.51,17766,3790872,42838,99473.22
181,2021-10-31,4706,25.824,13783.359,771,343683,5410,0.0728488372093023,465206862.1540698,0.0613226744186046,4756673.5058139535,0.9198517441860466,1.1163924418604652,0.024156976744186,3434030.479651163,7511657.023255814,267452.7543604651,183,61599.630000000005,19939,4284622,49880,91166.73999999998
182,2021-11-01,5768,55.342000000000006,25554.012,4126,409649,9629,0.0936537313432835,541548186.9791045,0.073420895522388,5607551.232835821,0.2482955223880597,1.434626865671642,0.0269402985074626,3249175.1620895523,16593294.686567163,350619.3531343283,392,123114.02999999996,23914,4944765,54130,130077.17000000004
183,2021-11-02,7082,40.456,26505.341000000004,3402,602557,10284,0.1036876712328768,551383844.5068493,0.0871945205479451,5433944.419178083,1.9086054794520544,6.16986301369863,0.0231616438356164,3566028.170684932,16898698.34520548,265256.28849315067,333,107581.60999999996,22555,5001872,51095,123810.95
184,2021-11-03,7782,41.0,31676.951000000012,4133,598561,11696,0.1038933333333334,436950895.3973333,0.0824373333333334,5644417.658666667,0.0,0.0,0.0364639999999999,3423278.4861333333,15219191.216,339666.1608,360,110103.8,24132,5167864,55398,123862.47000000004
185,2021-11-04,7422,33.008,32895.549,1547,500051,8877,0.1156470588235294,400365954.3796792,0.1015828877005348,5675589.398395722,0.0094411764705882,1.1551871657754011,0.0223368983957219,3395373.590909091,37024943.9144385,342079.7727272727,360,114993.87999999996,24084,5346911,55408,109302.84999999996
186,2021-11-05,7349,45.422,23705.34999999998,1076,526347,8370,0.1015160427807486,394034668.3957219,0.0847727272727272,4541353.315508021,0.2438368983957219,0.5775401069518716,0.0280401069518716,3057742.0695187165,6042469.743315508,340465.44919786096,285,86711.41,23547,4335804,52426,99299.11000000004
187,2021-11-06,5997,31.476,26024.893999999997,561,367861,6514,0.0915653409090909,323537201.82954544,0.0801107954545454,4261984.659090909,0.3155909090909091,0.6627272727272727,0.0305767045454545,3544021.541761364,25401044.795454547,290755.0502840909,157,44017.77,22649,3393861,46700,81035.75999999998
188,2021-11-07,5599,22.0,15089.379999999988,574,384069,6125,0.1124414414414415,318371231.2912913,0.0946816816816817,4008237.5135135134,0.0,0.0,0.0285825825825825,2794047.6636636634,21390614.45045045,312713.2057057057,115,30304.430000000008,22748,5553584,62395,85444.28999999995
189,2021-11-08,4087,64.524,23626.05699999999,1900,141590,5852,0.1115516304347827,380175376.4347826,0.0968369565217391,5358915.451086956,8.458779891304347,5.90875,0.022891304347826,2801189.434782609,11733573.0,415100.79891304346,367,104174.03,21339,2987139,40400,91024.1
190,2021-11-09,4279,89.73400000000001,33238.96800000001,2252,123658,6367,0.11213,582657881.22,0.0991974999999999,6106152.12475,18.425115,8.5990075,0.02328,4002762.73975,23748780.7225,318835.435,303,89213.06,21427,3473182,42557,102467.05000000005
191,2021-11-10,3553,75.66199999999999,24318.907000000007,2731,76748,6075,0.1281517412935323,470330776.4676617,0.1119029850746268,5794307.731343283,28.603815920398016,14.5845,0.0211268656716417,2783041.878109453,18455495.95024876,430585.29850746266,537,192682.85,22381,3461709,41373,90801.41999999994
192,2021-11-11,4346,124.046,44416.28499999997,7625,135261,10961,0.1042744186046512,467693086.6232558,0.0854674418604651,6792784.211627907,52.41506511627907,12.907625581395347,0.0272627906976744,3547945.81627907,20955643.381395347,529745.5534883721,599,293347.5800000001,19797,2924901,39724,111055.50999999997
193,2021-11-12,5563,228.826,74042.49099999997,13898,173249,17554,0.1390761904761904,670246268.5190476,0.1197523809523809,6297485.845238095,43.73653809523809,14.797859523809525,0.0230738095238095,3662836.926190477,74876485.50952381,608168.4380952381,859,257079.93999999983,44744,2686858,36632,157713.21999999994
194,2021-11-13,6586,222.453,91048.19399999996,20126,273370,24466,0.1402692307692306,680320063.0410256,0.1186461538461539,6241662.858974359,30.188889743589748,5.125161538461538,0.0276410256410256,3188096.1333333333,59011143.364102565,618667.0025641025,769,223172.78000000012,37097,2795077,33990,162605.96999999983
195,2021-11-14,10062,194.941,119017.77099999998,23717,379037,31310,0.1173844221105528,614327202.19598,0.0995703517587939,6919972.997487437,30.41911055276382,6.020562814070352,0.0277839195979899,4351591.801507537,80679470.02512562,475300.0,447,114925.75999999998,29007,2926228,40431,193008.50999999995
196,2021-11-15,10895,229.978,131851.198,26547,388890,34495,0.1074390804597701,698716003.9448276,0.0877563218390805,6982220.043678161,44.714565517241375,11.263066666666669,0.0284436781609195,3821317.216091954,67910092.96551724,476264.9379310345,587,217612.11000000004,38632,3776021,57688,267567.7399999998
197,2021-11-16,11980,306.033,147426.02100000004,32425,481320,39838,0.1245839080459769,772026155.5172414,0.1011149425287357,7122981.910344828,58.17591034482758,9.496289655172417,0.0318942528735632,4493273.052873563,70456273.33333333,507549.5011494253,670,196755.19,35136,3169272,47436,255293.81999999992
198,2021-11-17,11765,264.024,170850.439,53676,637500,59442,0.0941903669724771,519665765.21330273,0.0734701834862385,7700600.550458715,30.770887614678895,4.46552752293578,0.027243119266055,4146784.910550459,53780125.63302752,346822.77752293576,346,105495.81,39396,5330061,65639,284727.56000000006
199,2021-11-18,10476,237.24,165889.52099999998,41070,603214,47014,0.0807328767123286,567887394.4885845,0.0621255707762556,8255835.0,29.911988584474887,11.048408675799086,0.0257123287671232,4949492.996575343,68189047.36986302,383793.51712328766,362,125987.74000000002,40080,5605249,68731,292097.06000000006
200,2021-11-19,8217,217.0,127584.876,32547,484211,37269,0.0985925925925926,549228048.0714285,0.0801640211640211,8053496.05026455,4.135185185185185,0.1216243386243386,0.0257539682539682,4625944.187830688,59181793.62962963,571708.2751322752,356,118465.46000000002,41452,5909677,70541,247058.48000000004
201,2021-11-20,1964,43.552,19419.92199999999,0,15935,1964,0.1111238938053098,781790804.3362832,0.1111238938053098,4737874.867256637,0.5426592920353982,3.21858407079646,0.0,4737874.867256637,35494729.876106195,0.0,159,46960.830000000016,35697,3141492,50178,96356.44999999995
202,2021-11-21,1589,28.0,15875.207000000002,0,15106,1589,0.1030452488687782,688091775.0226245,0.1030452488687782,4619716.289592761,0.0079909502262443,0.0,0.0,4619716.289592761,17064724.054298643,0.0,152,45294.05999999998,35366,3111909,50421,88169.43000000002
203,2021-11-22,3010,56.348,24747.314,0,23573,3010,0.1109516129032258,626130206.3548387,0.1109516129032258,4268376.193548387,0.3279193548387096,0.9411290322580644,0.0,4268376.193548387,31197838.01612903,0.0,415,125528.59,38082,3106174,48883,91969.63999999996
204,2021-11-23,3107,70.102,24769.99000000001,0,24459,3107,0.1111818181818181,626538207.5497836,0.1111818181818181,4178459.554112554,0.0933982683982684,2.1307359307359306,0.0,4178459.554112554,33367457.66233766,0.0,660,216062.31000000003,38156,2652919,43118,82296.40000000001
205,2021-11-24,3095,64.043,23766.15200000001,0,23480,3095,0.1199273504273504,608100980.4529915,0.1199273504273504,4027988.217948718,0.0841752136752136,1.948717948717949,0.0,4027988.217948718,30080953.162393164,0.0,477,168942.57999999996,41548,3065482,49792,94969.24000000003
206,2021-11-25,2760,65.356,21811.711000000003,0,20789,2760,0.1157112970711297,599104747.6317992,0.1157112970711297,3938166.234309624,1.7141715481171549,2.2016192468619247,0.0,3938166.234309624,24426460.51882845,0.0,587,180373.31000000003,32181,2239365,31446,95835.69
207,2021-11-26,2633,63.0,24902.103000000006,0,20147,2633,0.1214599156118144,704554767.8312236,0.1214599156118144,3867403.037974684,0.0,0.0,0.0,3867403.037974684,22209025.316455696,0.0,557,184391.4599999999,28097,1661320,23002,80598.50999999998
208,2021-11-27,1923,48.0,15923.64999999999,0,16618,1923,0.1067937219730942,714407148.0448431,0.1067937219730942,3925724.094170404,0.0,0.0,0.0,3925724.094170404,14168673.95515695,0.0,283,83153.81,27949,1429144,23059,63523.84000000001
209,2021-11-28,1556,43.746,13019.535000000002,0,14670,1556,0.0942755555555555,613442593.3866667,0.0942755555555555,4065193.6,0.4673866666666667,2.567111111111111,0.0,4065193.6,18672933.724444445,0.0,289,76594.0,31140,1631120,25199,61300.74000000001
210,2021-11-29,2767,73.0,25356.484000000008,0,19706,2767,0.1341617021276595,841523682.6553191,0.1341617021276595,4753223.276595744,0.0,0.0,0.0,4753223.276595744,24569632.680851065,0.0,696,201929.2800000001,36064,1473859,23677,79673.61000000002
211,2021-11-30,3339,148.0,23003.885999999984,0,20279,3339,0.1303801652892562,622379254.016529,0.1303801652892562,3527672.636363636,0.0,0.0,0.0,3527672.636363636,15475948.67768595,0.0,525,150056.72000000003,28938,1396680,21775,68232.17
212,2021-12-01,3148,108.023,22848.77800000001,723,33234,3802,0.1281918604651162,593732953.1860465,0.1219186046511627,4221626.726744186,16.73535465116279,8.401988372093024,0.0076337209302325,3413684.485174419,13304987.325581396,223645.8659883721,470,174819.99000000002,28511,2857760,34260,78125.44
213,2021-12-02,4053,98.04800000000002,43853.193,7322,141137,10693,0.1168223495702005,687796574.5673352,0.1103925501432664,6463719.979942693,34.63392836676218,19.29984240687679,0.0077736389684813,4038483.8452722062,33409564.945558734,223862.59025787967,487,194214.5300000001,29428,9869872,66676,129252.22
214,2021-12-03,6105,81.839,116284.83099999996,36322,404617,39788,0.0922188139059304,515025123.6564417,0.0691226993865031,11472321.957055217,12.700973415132925,8.340584867075664,0.0276952965235173,4416810.5071574645,59069866.265848674,757485.1983640082,310,130814.79,31588,9573814,73813,234908.03000000012
215,2021-12-06,4640,96.729,47090.722,4246,135473,8440,0.093164113785558,628375102.7308534,0.0705404814004375,6685899.512035011,36.66859737417943,14.567422319474831,0.029507658643326,4499780.963894967,28280304.463894967,314592.2943107221,473,171311.54000000007,33999,10179523,99438,269262.7200000001
216,2021-12-07,5386,111.078,50905.21599999999,1853,153486,7058,0.1047521551724137,609198982.8189656,0.0810474137931035,5413948.228448276,29.13966379310345,9.47973922413793,0.0408706896551723,4166875.072629311,22262428.29310345,298720.8290948276,472,172360.49,37681,6148634,78531,247656.81
217,2021-12-08,4155,90.611,42568.51799999999,1332,87305,5356,0.1164179775280898,987688990.8584268,0.0897752808988764,4801494.224719102,20.33853483146068,5.368766292134831,0.033305617977528,4021159.684044944,23998476.503370788,448593.0435955057,478,165708.14,32507,3929871,53200,145794.59
218,2021-12-09,5093,152.344,54349.298000000046,2852,105598,7686,0.1346562500000001,995271015.9,0.1102729166666667,7126468.991666666,18.00017708333333,9.4444375,0.0354875,5247333.625,18492127.25,395061.13333333336,566,181617.83,34280,4871240,59761,206188.4
219,2021-12-10,12037,95.297,118205.085,5043,522053,16627,0.103004366812227,812057608.8034935,0.0797401746724891,8318713.515283843,9.07096288209607,6.027572052401747,0.0343122270742358,5677694.661572052,130583269.59825328,417781.7816593886,433,133238.97999999998,36569,5677262,77541,319250.82
220,2021-12-11,9233,85.339,112899.01099999995,7534,424788,16165,0.1131060606060606,1136472858.6818182,0.0894242424242424,9439471.626262626,14.416795454545452,4.951267676767677,0.0322020202020202,5855728.78030303,58688029.94949495,415694.8787878788,409,100876.44,35414,6980781,78876,371960.3400000002
221,2021-12-12,9175,64.59700000000001,94844.687,2327,417478,11286,0.0985547073791348,1233458032.5903308,0.0776157760814249,9135149.424936388,12.407402035623408,8.674445292620865,0.0268524173027989,6504560.826972011,88886917.23155217,420589.6386768448,316,92067.01,35698,11641172,130888,479273.8499999998
222,2021-12-13,4758,71.56,77303.12199999997,7040,175823,11229,0.1094577464788732,1441056193.4788733,0.0859741784037558,10620923.772300469,7.511927230046949,6.471138497652582,0.0258779342723004,7221748.197183099,40138039.4741784,433356.0469483568,572,191306.04,33837,5102027,49717,288728.4299999998
223,2021-12-14,6466,55.582,99212.62200000005,6610,263315,12523,0.1200094562647754,2041165516.4822693,0.0991867612293144,12938601.101654846,10.648936170212766,5.923836879432624,0.0241300236406619,9586977.24822695,66866351.84869976,348183.1725768322,557,183509.60000000003,34273,3385375,38231,241740.05
224,2021-12-15,4957,94.156,102757.0290000001,12439,234596,16261,0.1031938534278958,2051352538.926714,0.0799999999999999,14131449.555555556,25.68580614657211,6.063267139479906,0.0258108747044917,9878326.685579196,58738432.94562648,341871.8557919622,597,208370.46999999997,34839,3106976,35379,249164.84999999992
225,2021-12-16,5238,92.194,105972.863,11687,249657,15837,0.1129716312056736,2938418874.68558,0.0916359338061465,14340509.293144207,12.620510638297874,6.403208037825059,0.0237068557919621,11395231.011820331,59244100.91725768,379571.536643026,589,208401.21000000005,35614,3223946,39086,248565.6300000001
226,2021-12-17,4478,66.09200000000001,87348.30900000004,4363,202906,8467,0.0978709677419355,2192084282.359447,0.0798087557603687,11539768.548387095,8.727027649769585,4.915682027649769,0.0198018433179723,9340672.979262672,44319435.35483871,390356.34562211984,551,212185.05,37818,2776439,36136,241764.49000000008
227,2021-12-18,3649,65.438,65562.4940000001,1654,137642,5163,0.1009590792838874,1887583806.1994884,0.0778132992327365,10929028.19948849,20.299043478260867,9.84757033248082,0.0246470588235294,9563767.606905373,27151673.62404092,389778.4739130435,380,160464.55999999997,34729,2231473,32702,201558.93
228,2021-12-19,3998,36.555,71548.63900000002,1216,163508,5106,0.1110328282828283,2009325187.7323232,0.0855277777777778,10726626.926767675,11.117222222222225,2.931070707070707,0.0284318181818181,10463391.575757576,85440235.13131313,291038.0075757576,475,193695.7499999999,36879,2533698,36538,206600.28000000003
229,2021-12-20,3861,66.5,132602.81099999993,1405,122606,5142,0.1111129411764706,4765722968.214118,0.08952,20471797.851764705,2.9595294117647057,3.7501176470588233,0.0245599999999999,20236694.18,80897397.03529412,201296.33529411769,717,275699.69999999995,45378,2385768,35506,308180.4
230,2021-12-21,3601,51.902,102646.86600000002,2139,109910,5567,0.1147892271662762,2051183990.6932085,0.087718969555035,13598299.152224824,6.4049133489461365,6.346508196721311,0.0294098360655737,13254874.402810303,60805775.7470726,175913.6393442623,582,210772.59000000003,40900,2483399,34512,276782.74000000005
231,2021-12-22,3492,54.0,94776.68299999996,1585,102316,4939,0.1117135802469135,2824108654.424691,0.0896938271604937,16807634.567901235,4.383456790123456,3.4053086419753087,0.0242962962962963,16128814.058271606,93914549.254321,225496.75456790123,581,209249.45,39541,1883022,26879,260109.5400000004
232,2021-12-23,2546,37.871,67440.87699999996,1605,71469,4039,0.0876443914081145,1254204515.8902147,0.0667780429594272,12032813.69451074,1.58754415274463,1.6964200477326967,0.0229928400954654,10847827.803818615,47346143.866348445,226997.0711217184,412,147178.89,53810,3720305,52354,288800.51
233,2021-12-24,2407,18.0,48938.112,4028,108822,6107,0.1000761670761671,1355422538.3538084,0.0656683046683046,12693478.584766584,1.314004914004914,1.314004914004914,0.0367813267813267,11343358.15970516,11197064.137592137,317836.8820638821,186,66846.55,63995,4901868,71373,282186.75999999983
234,2021-12-25,1922,13.0,37158.313,3226,102644,4885,0.0951306666666666,1234003933.0293334,0.0643866666666666,16148554.898666669,0.0,0.0,0.032776,15036333.842666669,28242119.978666667,233124.336,131,42335.41000000001,64345,5234012,77746,220100.56000000003
235,2021-12-26,1680,12.0,51011.34700000002,3513,65135,4925,0.101093085106383,1307529163.074468,0.0696010638297872,13092143.319148935,0.0,0.0,0.0327686170212765,12413017.965957446,22946453.776595745,234012.7797872341,236,72661.28,72481,5949969,85824,280397.8
236,2021-12-27,3833,58.616,29752.39000000001,5311,126647,8587,0.1361383495145631,437221517.3834952,0.1156092233009708,4476799.903883495,6.064118932038835,5.78542718446602,0.0221432038834951,3314171.1781553403,17592614.733009707,327829.76941747573,572,188100.9,79027,6563874,93123,153071.21000000005
237,2021-12-28,3842,45.199,28641.67499999999,3620,110404,7146,0.1335181598062953,452024764.1694915,0.1107384987893463,4785473.78692494,2.1484818401937047,2.8661016949152542,0.0266464891041162,2693765.818401937,12937353.414043585,321089.14043583535,616,181832.99,82341,6936044,95023,147753.60000000006
238,2021-12-29,3867,76.815,30407.422999999984,4321,118359,7825,0.1162586206896552,409569799.7389163,0.0927684729064039,6357136.084482759,4.18648275862069,3.307118226600985,0.0251280788177339,3497592.2593596056,7788008.068965517,445623.487684729,781,261568.83,83506,6094026,91129,142147.96000000008
239,2021-12-30,3380,61.871,25419.502,2449,92807,5644,0.1300547263681592,481355319.8905473,0.1067139303482587,3869320.291044776,4.026606965174129,3.5556592039800994,0.0251218905472636,3003766.5049751243,8501219.31840796,331835.1144278607,493,163016.86999999997,39625,1770769,25103,62982.72000000001
240,2021-12-31,2153,24.564,17018.390999999992,1733,77718,3778,0.0971204481792717,358096181.4229692,0.0782016806722689,4932193.296918768,0.2401764705882352,0.4257703081232493,0.0206918767507002,3203518.473389356,7649803.9215686275,375939.2100840336,242,85153.77999999997,19530,79663,2187,17205.089999999993
241,2022-01-01,2089,11.0,17098.251,2100,102736,4074,0.0814505813953488,292570385.04651165,0.0532587209302325,5228926.194767442,1.8837209302325584,1.8837209302325584,0.0309970930232558,3402931.234011628,20336994.48837209,287498.7340116279,79,22446.2,10390,103011,2095,17166.36
242,2022-01-02,2521,23.842,20099.33299999999,1351,108715,3772,0.0902369942196532,383844637.4104046,0.0674017341040463,5506916.407514451,1.139086705202312,1.1965317919075145,0.0257485549132948,4734449.815028902,21444042.132947978,311683.75722543354,170,54493.75,9700,109357,2542,20180.169999999995
243,2022-01-03,2333,41.0,19650.125,1329,51437,3550,0.1311292875989446,624544470.3957784,0.1047282321899737,5347310.841688654,0.9630606860158312,0.9630606860158312,0.0308680738786279,4146269.7984168874,9783300.770448549,334460.5556728232,375,101528.5,13068,514825,7103,30793.09000000001
244,2022-01-04,1942,29.0,12803.447000000002,312,22334,2239,0.1194067278287462,525349000.0703364,0.0928868501529052,3493593.1987767583,0.0,0.0,0.0285015290519877,3368809.4617737,6901867.021406728,275072.40978593274,436,123421.88,15861,1085272,14132,36997.82
